[API] Initialized: model=mimo-v2.5, provider=mimo, base_url=https://token-plan-sgp.xiaomimimo.com/v1, max_tokens=1536
[MAIN] Using API backend: model=mimo-v2.5
[MAIN] model_adapter_mode=small_model (requested=small_model)
[DEBUG] paper_id: ye3NrNrYOY, paper_text length: 34961
[DEBUG] paper_text snippet: \title{Temporal Causal Mechanism Transfer for Few-shot Action Recognition}  \begin{abstract} The goa...
[DEBUG] paper_id: WNxlJJIEVj, paper_text length: 48238
[DEBUG] paper_text snippet: \title{Contrastive Diffuser: Planning Towards High Return States via Contrastive Learning}  \begin{a...
[DEBUG] paper_id: uOrfve3prk, paper_text length: 44055
[DEBUG] paper_text snippet: \title{Towards Unifying Interpretability and Control: Evaluation via Intervention}  \begin{abstract}...
[DEBUG] paper_id: 7Dub7UXTXN, paper_text length: 17618
[DEBUG] paper_text snippet: \title{When Are Bias-Free ReLU Networks Effectively Linear Networks?}  \begin{abstract}  We investig...
[DEBUG] paper_id: 9zEBK3E9bX, paper_text length: 35496
[DEBUG] paper_text snippet: \title{SPOT: Scalable 3D Pre-training via Occupancy Prediction for Autonomous Driving}  \begin{abstr...
[DEBUG] paper_id: XyB4VvF01X, paper_text length: 32345
[DEBUG] paper_text snippet: \title{Graph2Tac: Learning hierarchical representations of math concepts in theorem proving}  \begin...
[DEBUG] paper_id: GE6iywJtsV, paper_text length: 30553
[DEBUG] paper_text snippet: \title{Diff-Shape: A Novel Constrained Diffusion Model for Shape-based De Novo Drug Design}  \begin{...
[DEBUG] paper_id: WpXq5n8yLb, paper_text length: 55540
[DEBUG] paper_text snippet: \title{Recurrent Drafter for Fast Speculative Decoding in Large Language Models}  \begin{abstract} W...
[DEBUG] paper_id: NnExMNiTHw, paper_text length: 37839
[DEBUG] paper_text snippet: \title{SpecDec++: Boosting Speculative Decoding via Adaptive Candidate Lengths}  \begin{abstract} Sp...
[DEBUG] paper_id: a6SntIisgg, paper_text length: 64928
[DEBUG] paper_text snippet: \title{LogoRA: Local-Global Representation Alignment for Robust Time Series Classification}  \begin{...
[DEBUG] paper_id: cklg91aPGk, paper_text length: 32511
[DEBUG] paper_text snippet: \title{Propagation Alone is Enough for Graph Contrastive Learning}  \begin{abstract} Graph contrasti...
[DEBUG] paper_id: HPuLU6q7xq, paper_text length: 38828
[DEBUG] paper_text snippet: \title{Orca: Enhancing Role-Playing Abilities of Large Language Models by Integrating Personality Tr...
[DEBUG] paper_id: fGXyvmWpw6, paper_text length: 47400
[DEBUG] paper_text snippet: \title{Federated Virtual Learning on Heterogeneous Data with Local-global Distillation}  \begin{abst...
[DEBUG] paper_id: QAgwFiIY4p, paper_text length: 49197
[DEBUG] paper_text snippet: \title{Graph as Point Set}  \begin{abstract} Graph is a fundamental data structure to model intercon...
[DEBUG] paper_id: TPAj63ax4Y, paper_text length: 49027
[DEBUG] paper_text snippet: \title{Segment, Select, Correct: A Framework for Weakly-Supervised Referring Segmentation}  \begin{a...
[DEBUG] paper_id: mHv6wcBb0z, paper_text length: 35109
[DEBUG] paper_text snippet: \title{Preventing Model Collapse in Deep Canonical Correlation Analysis by Noise Regularization}  \b...
[DEBUG] paper_id: xUe1YqEgd6, paper_text length: 34518
[DEBUG] paper_text snippet: \title{Unsupervised motion segmentation in one go: Smooth long-term model over a video}  \begin{abst...
[DEBUG] paper_id: YXn76HMetm, paper_text length: 36915
[DEBUG] paper_text snippet: \title{Hyperbolic Active Learning for Semantic Segmentation under Domain Shift}  \begin{abstract}  W...
[DEBUG] paper_id: KOUAayk5Kx, paper_text length: 32732
[DEBUG] paper_text snippet: \title{Defying Multi-model Forgetting: Orthogonal Gradient Learning to One-shot Neural Architecture ...
[DEBUG] paper_id: XH3OiIhtvf, paper_text length: 22365
[DEBUG] paper_text snippet: \title{Unsupervised Federated Learning for Privacy Preserving in Face Recognition System}  \begin{ab...
[2026-06-27 13:35:41] [API] request start agent=Review Manager Agent attempt=1/8 prompt_chars=7991[2026-06-27 13:35:41] [API] request start agent=Review Manager Agent attempt=1/8 prompt_chars=7991

[2026-06-27 13:35:47] [API] request success agent=Review Manager Agent attempt=1/8 elapsed=5.2s raw_chars=1371
[2026-06-27 13:35:47] [API] request start agent=Review Manager Agent attempt=1/8 prompt_chars=7991
[2026-06-27 13:35:47] [API] request success agent=Review Manager Agent attempt=1/8 elapsed=5.8s raw_chars=1120
[2026-06-27 13:35:47] [API] request start agent=Review Manager Agent attempt=1/8 prompt_chars=7991
[2026-06-27 13:35:51] [API] request success agent=Review Manager Agent attempt=1/8 elapsed=3.9s raw_chars=1175
[2026-06-27 13:35:52] [API] request success agent=Review Manager Agent attempt=1/8 elapsed=5.5s raw_chars=1606
[2026-06-27 13:35:52] [API] request start agent=Claim Agent attempt=1/8 prompt_chars=8712[2026-06-27 13:35:52] [API] request start agent=Claim Agent attempt=1/8 prompt_chars=8712

[2026-06-27 13:35:52] [API] request error agent=Claim Agent attempt=1/8 elapsed=0.3s error=Error code: 429 - {'error': {'code': '429', 'message': 'Too many requests', 'type': 'limitation'}}
[2026-06-27 13:35:52] [API] retry wait agent=Claim Agent next_attempt=2/8 wait=2.0s
[2026-06-27 13:35:54] [API] request start agent=Claim Agent attempt=2/8 prompt_chars=8712
[2026-06-27 13:35:55] [API] request error agent=Claim Agent attempt=2/8 elapsed=0.3s error=Error code: 429 - {'error': {'code': '429', 'message': 'Too many requests', 'type': 'limitation'}}
[2026-06-27 13:35:55] [API] retry wait agent=Claim Agent next_attempt=3/8 wait=4.0s
[2026-06-27 13:35:58] [API] request success agent=Claim Agent attempt=1/8 elapsed=6.2s raw_chars=2559
[2026-06-27 13:35:58] [API] request start agent=Claim Agent attempt=1/8 prompt_chars=8712
[2026-06-27 13:35:59] [API] request error agent=Claim Agent attempt=1/8 elapsed=0.3s error=Error code: 429 - {'error': {'code': '429', 'message': 'Too many requests', 'type': 'limitation'}}
[2026-06-27 13:35:59] [API] retry wait agent=Claim Agent next_attempt=2/8 wait=2.0s
[2026-06-27 13:35:59] [API] request start agent=Claim Agent attempt=3/8 prompt_chars=8712
[2026-06-27 13:35:59] [API] request error agent=Claim Agent attempt=3/8 elapsed=0.3s error=Error code: 429 - {'error': {'code': '429', 'message': 'Too many requests', 'type': 'limitation'}}
[2026-06-27 13:35:59] [API] retry wait agent=Claim Agent next_attempt=4/8 wait=8.0s
[2026-06-27 13:36:01] [API] request start agent=Claim Agent attempt=2/8 prompt_chars=8712
[2026-06-27 13:36:01] [API] request error agent=Claim Agent attempt=2/8 elapsed=0.3s error=Error code: 429 - {'error': {'code': '429', 'message': 'Too many requests', 'type': 'limitation'}}
[2026-06-27 13:36:01] [API] retry wait agent=Claim Agent next_attempt=3/8 wait=4.0s
[2026-06-27 13:36:05] [API] request start agent=Claim Agent attempt=3/8 prompt_chars=8712
[2026-06-27 13:36:05] [API] request error agent=Claim Agent attempt=3/8 elapsed=0.3s error=Error code: 429 - {'error': {'code': '429', 'message': 'Too many requests', 'type': 'limitation'}}
[2026-06-27 13:36:05] [API] retry wait agent=Claim Agent next_attempt=4/8 wait=8.0s
[2026-06-27 13:36:07] [API] request start agent=Claim Agent attempt=4/8 prompt_chars=8712
[2026-06-27 13:36:13] [API] request success agent=Claim Agent attempt=4/8 elapsed=5.9s raw_chars=2343
[2026-06-27 13:36:13] [API] request start agent=Claim Agent attempt=1/8 prompt_chars=8712
[2026-06-27 13:36:13] [API] request error agent=Claim Agent attempt=1/8 elapsed=0.3s error=Error code: 429 - {'error': {'code': '429', 'message': 'Too many requests', 'type': 'limitation'}}
[2026-06-27 13:36:13] [API] retry wait agent=Claim Agent next_attempt=2/8 wait=2.0s
[2026-06-27 13:36:13] [API] request start agent=Claim Agent attempt=4/8 prompt_chars=8712
[2026-06-27 13:36:14] [API] request error agent=Claim Agent attempt=4/8 elapsed=0.3s error=Error code: 429 - {'error': {'code': '429', 'message': 'Too many requests', 'type': 'limitation'}}
[2026-06-27 13:36:14] [API] retry wait agent=Claim Agent next_attempt=5/8 wait=16.0s
[2026-06-27 13:36:15] [API] request start agent=Claim Agent attempt=2/8 prompt_chars=8712
[2026-06-27 13:36:16] [API] request error agent=Claim Agent attempt=2/8 elapsed=0.3s error=Error code: 429 - {'error': {'code': '429', 'message': 'Too many requests', 'type': 'limitation'}}
[2026-06-27 13:36:16] [API] retry wait agent=Claim Agent next_attempt=3/8 wait=4.0s
[2026-06-27 13:36:20] [API] request start agent=Claim Agent attempt=3/8 prompt_chars=8712
[2026-06-27 13:36:20] [API] request error agent=Claim Agent attempt=3/8 elapsed=0.3s error=Error code: 429 - {'error': {'code': '429', 'message': 'Too many requests', 'type': 'limitation'}}
[2026-06-27 13:36:20] [API] retry wait agent=Claim Agent next_attempt=4/8 wait=8.0s
[2026-06-27 13:36:28] [API] request start agent=Claim Agent attempt=4/8 prompt_chars=8712
[2026-06-27 13:36:28] [API] request error agent=Claim Agent attempt=4/8 elapsed=0.6s error=Error code: 429 - {'error': {'code': '429', 'message': 'Too many requests', 'type': 'limitation'}}
[2026-06-27 13:36:28] [API] retry wait agent=Claim Agent next_attempt=5/8 wait=16.0s
[2026-06-27 13:36:30] [API] request start agent=Claim Agent attempt=5/8 prompt_chars=8712
[2026-06-27 13:36:30] [API] request error agent=Claim Agent attempt=5/8 elapsed=0.3s error=Error code: 429 - {'error': {'code': '429', 'message': 'Too many requests', 'type': 'limitation'}}
[2026-06-27 13:36:30] [API] retry wait agent=Claim Agent next_attempt=6/8 wait=30.0s
[2026-06-27 13:36:44] [API] request start agent=Claim Agent attempt=5/8 prompt_chars=8712
[2026-06-27 13:36:52] [API] request success agent=Claim Agent attempt=5/8 elapsed=7.2s raw_chars=3021
[2026-06-27 13:37:00] [API] request start agent=Claim Agent attempt=6/8 prompt_chars=8712
[2026-06-27 13:37:07] [API] request success agent=Claim Agent attempt=6/8 elapsed=7.6s raw_chars=3265
[2026-06-27 13:37:08] [API] request start agent=Review Manager Agent attempt=1/8 prompt_chars=9285[2026-06-27 13:37:08] [API] request start agent=Review Manager Agent attempt=1/8 prompt_chars=9285

[2026-06-27 13:37:16] [API] request success agent=Review Manager Agent attempt=1/8 elapsed=8.2s raw_chars=3743
[2026-06-27 13:37:16] [API] request start agent=Review Manager Agent attempt=1/8 prompt_chars=9285
[2026-06-27 13:37:16] [API] request success agent=Review Manager Agent attempt=1/8 elapsed=8.4s raw_chars=3707
[2026-06-27 13:37:16] [API] request start agent=Review Manager Agent attempt=1/8 prompt_chars=9285
[2026-06-27 13:37:24] [API] request success agent=Review Manager Agent attempt=1/8 elapsed=7.5s raw_chars=3246
[2026-06-27 13:37:24] [API] request success agent=Review Manager Agent attempt=1/8 elapsed=8.4s raw_chars=3813
[2026-06-27 13:37:24] [API] request start agent=Evidence Agent attempt=1/8 prompt_chars=7826[2026-06-27 13:37:24] [API] request start agent=Evidence Agent attempt=1/8 prompt_chars=7826

[2026-06-27 13:37:25] [API] request error agent=Evidence Agent attempt=1/8 elapsed=0.3s error=Error code: 429 - {'error': {'code': '429', 'message': 'Too many requests', 'type': 'limitation'}}
[2026-06-27 13:37:25] [API] retry wait agent=Evidence Agent next_attempt=2/8 wait=2.0s
[2026-06-27 13:37:25] [API] request error agent=Evidence Agent attempt=1/8 elapsed=0.3s error=Error code: 429 - {'error': {'code': '429', 'message': 'Too many requests', 'type': 'limitation'}}
[2026-06-27 13:37:25] [API] retry wait agent=Evidence Agent next_attempt=2/8 wait=2.0s
[2026-06-27 13:37:27] [API] request start agent=Evidence Agent attempt=2/8 prompt_chars=7826
[2026-06-27 13:37:27] [API] request start agent=Evidence Agent attempt=2/8 prompt_chars=7826
[2026-06-27 13:37:27] [API] request error agent=Evidence Agent attempt=2/8 elapsed=0.3s error=Error code: 429 - {'error': {'code': '429', 'message': 'Too many requests', 'type': 'limitation'}}
[2026-06-27 13:37:27] [API] retry wait agent=Evidence Agent next_attempt=3/8 wait=4.0s
[2026-06-27 13:37:27] [API] request error agent=Evidence Agent attempt=2/8 elapsed=0.3s error=Error code: 429 - {'error': {'code': '429', 'message': 'Too many requests', 'type': 'limitation'}}
[2026-06-27 13:37:27] [API] retry wait agent=Evidence Agent next_attempt=3/8 wait=4.0s
[2026-06-27 13:37:31] [API] request start agent=Evidence Agent attempt=3/8 prompt_chars=7826
[2026-06-27 13:37:31] [API] request start agent=Evidence Agent attempt=3/8 prompt_chars=7826
[2026-06-27 13:37:31] [API] request error agent=Evidence Agent attempt=3/8 elapsed=0.3s error=Error code: 429 - {'error': {'code': '429', 'message': 'Too many requests', 'type': 'limitation'}}
[2026-06-27 13:37:31] [API] retry wait agent=Evidence Agent next_attempt=4/8 wait=8.0s
[2026-06-27 13:37:31] [API] request error agent=Evidence Agent attempt=3/8 elapsed=0.3s error=Error code: 429 - {'error': {'code': '429', 'message': 'Too many requests', 'type': 'limitation'}}
[2026-06-27 13:37:31] [API] retry wait agent=Evidence Agent next_attempt=4/8 wait=8.0s
[2026-06-27 13:37:39] [API] request start agent=Evidence Agent attempt=4/8 prompt_chars=7826
[2026-06-27 13:37:39] [API] request start agent=Evidence Agent attempt=4/8 prompt_chars=7826
[2026-06-27 13:37:45] [API] request success agent=Evidence Agent attempt=4/8 elapsed=6.1s raw_chars=2038
[2026-06-27 13:37:45] [API] request start agent=Evidence Agent attempt=1/8 prompt_chars=7826
[2026-06-27 13:37:47] [API] request success agent=Evidence Agent attempt=4/8 elapsed=7.5s raw_chars=2817
[2026-06-27 13:37:47] [API] request start agent=Evidence Agent attempt=1/8 prompt_chars=7825
[2026-06-27 13:37:55] [API] request success agent=Evidence Agent attempt=1/8 elapsed=10.0s raw_chars=4505
[2026-06-27 13:37:57] [API] request success agent=Evidence Agent attempt=1/8 elapsed=9.7s raw_chars=4442
[2026-06-27 13:37:57] [API] request start agent=Review Manager Agent attempt=1/8 prompt_chars=9282[2026-06-27 13:37:57] [API] request start agent=Review Manager Agent attempt=1/8 prompt_chars=9285

[2026-06-27 13:37:57] [API] request error agent=Review Manager Agent attempt=1/8 elapsed=0.3s error=Error code: 429 - {'error': {'code': '429', 'message': 'Too many requests', 'type': 'limitation'}}
[2026-06-27 13:37:57] [API] retry wait agent=Review Manager Agent next_attempt=2/8 wait=2.0s
[2026-06-27 13:37:57] [API] request error agent=Review Manager Agent attempt=1/8 elapsed=0.3s error=Error code: 429 - {'error': {'code': '429', 'message': 'Too many requests', 'type': 'limitation'}}
[2026-06-27 13:37:57] [API] retry wait agent=Review Manager Agent next_attempt=2/8 wait=2.0s
[2026-06-27 13:37:59] [API] request start agent=Review Manager Agent attempt=2/8 prompt_chars=9282
[2026-06-27 13:37:59] [API] request start agent=Review Manager Agent attempt=2/8 prompt_chars=9285
[2026-06-27 13:37:59] [API] request error agent=Review Manager Agent attempt=2/8 elapsed=0.3s error=Error code: 429 - {'error': {'code': '429', 'message': 'Too many requests', 'type': 'limitation'}}[2026-06-27 13:37:59] [API] request error agent=Review Manager Agent attempt=2/8 elapsed=0.3s error=Error code: 429 - {'error': {'code': '429', 'message': 'Too many requests', 'type': 'limitation'}}

[2026-06-27 13:37:59] [API] retry wait agent=Review Manager Agent next_attempt=3/8 wait=4.0s[2026-06-27 13:37:59] [API] retry wait agent=Review Manager Agent next_attempt=3/8 wait=4.0s

[2026-06-27 13:38:03] [API] request start agent=Review Manager Agent attempt=3/8 prompt_chars=9285
[2026-06-27 13:38:03] [API] request start agent=Review Manager Agent attempt=3/8 prompt_chars=9282
[2026-06-27 13:38:12] [API] request success agent=Review Manager Agent attempt=3/8 elapsed=8.4s raw_chars=3466
[2026-06-27 13:38:12] [API] request start agent=Review Manager Agent attempt=1/8 prompt_chars=9285
[2026-06-27 13:38:13] [API] request success agent=Review Manager Agent attempt=3/8 elapsed=9.5s raw_chars=4273
[2026-06-27 13:38:13] [API] request start agent=Review Manager Agent attempt=1/8 prompt_chars=9285
[2026-06-27 13:38:21] [API] request success agent=Review Manager Agent attempt=1/8 elapsed=8.9s raw_chars=4084
[2026-06-27 13:38:24] [API] request success agent=Review Manager Agent attempt=1/8 elapsed=10.8s raw_chars=4489
[2026-06-27 13:38:24] [API] request start agent=Evidence Agent attempt=1/8 prompt_chars=7826
[2026-06-27 13:38:31] [API] request success agent=Evidence Agent attempt=1/8 elapsed=6.7s raw_chars=2699
[2026-06-27 13:38:31] [API] request start agent=Critique Agent attempt=1/8 prompt_chars=13087[2026-06-27 13:38:31] [API] request start agent=Critique Agent attempt=1/8 prompt_chars=13098

[2026-06-27 13:38:31] [API] request error agent=Critique Agent attempt=1/8 elapsed=0.3s error=Error code: 429 - {'error': {'code': '429', 'message': 'Too many requests', 'type': 'limitation'}}
[2026-06-27 13:38:31] [API] retry wait agent=Critique Agent next_attempt=2/8 wait=2.0s
[2026-06-27 13:38:31] [API] request error agent=Critique Agent attempt=1/8 elapsed=0.6s error=Error code: 429 - {'error': {'code': '429', 'message': 'Too many requests', 'type': 'limitation'}}
[2026-06-27 13:38:31] [API] retry wait agent=Critique Agent next_attempt=2/8 wait=2.0s
[2026-06-27 13:38:33] [API] request start agent=Critique Agent attempt=2/8 prompt_chars=13087
[2026-06-27 13:38:33] [API] request error agent=Critique Agent attempt=2/8 elapsed=0.3s error=Error code: 429 - {'error': {'code': '429', 'message': 'Too many requests', 'type': 'limitation'}}
[2026-06-27 13:38:33] [API] retry wait agent=Critique Agent next_attempt=3/8 wait=4.0s
[2026-06-27 13:38:33] [API] request start agent=Critique Agent attempt=2/8 prompt_chars=13098
[2026-06-27 13:38:34] [API] request error agent=Critique Agent attempt=2/8 elapsed=0.3s error=Error code: 429 - {'error': {'code': '429', 'message': 'Too many requests', 'type': 'limitation'}}
[2026-06-27 13:38:34] [API] retry wait agent=Critique Agent next_attempt=3/8 wait=4.0s
[2026-06-27 13:38:37] [API] request start agent=Critique Agent attempt=3/8 prompt_chars=13087
[2026-06-27 13:38:38] [API] request error agent=Critique Agent attempt=3/8 elapsed=0.3s error=Error code: 429 - {'error': {'code': '429', 'message': 'Too many requests', 'type': 'limitation'}}
[2026-06-27 13:38:38] [API] retry wait agent=Critique Agent next_attempt=4/8 wait=8.0s
[2026-06-27 13:38:38] [API] request start agent=Critique Agent attempt=3/8 prompt_chars=13098
[2026-06-27 13:38:38] [API] request error agent=Critique Agent attempt=3/8 elapsed=0.3s error=Error code: 429 - {'error': {'code': '429', 'message': 'Too many requests', 'type': 'limitation'}}
[2026-06-27 13:38:38] [API] retry wait agent=Critique Agent next_attempt=4/8 wait=8.0s
[2026-06-27 13:38:46] [API] request start agent=Critique Agent attempt=4/8 prompt_chars=13087
[2026-06-27 13:38:46] [API] request start agent=Critique Agent attempt=4/8 prompt_chars=13098
[2026-06-27 13:38:47] [API] request error agent=Critique Agent attempt=4/8 elapsed=0.6s error=Error code: 429 - {'error': {'code': '429', 'message': 'Too many requests', 'type': 'limitation'}}
[2026-06-27 13:38:47] [API] retry wait agent=Critique Agent next_attempt=5/8 wait=16.0s
[2026-06-27 13:38:57] [API] request success agent=Critique Agent attempt=4/8 elapsed=11.3s raw_chars=4709
[2026-06-27 13:38:57] [API] request start agent=Critique Agent attempt=1/8 prompt_chars=13098
[2026-06-27 13:38:57] [API] request error agent=Critique Agent attempt=1/8 elapsed=0.3s error=Error code: 429 - {'error': {'code': '429', 'message': 'Too many requests', 'type': 'limitation'}}
[2026-06-27 13:38:57] [API] retry wait agent=Critique Agent next_attempt=2/8 wait=2.0s
[2026-06-27 13:38:59] [API] request start agent=Critique Agent attempt=2/8 prompt_chars=13098
[2026-06-27 13:39:03] [API] request start agent=Critique Agent attempt=5/8 prompt_chars=13098
[2026-06-27 13:39:03] [API] request error agent=Critique Agent attempt=5/8 elapsed=0.6s error=Error code: 429 - {'error': {'code': '429', 'message': 'Too many requests', 'type': 'limitation'}}
[2026-06-27 13:39:03] [API] retry wait agent=Critique Agent next_attempt=6/8 wait=30.0s
[2026-06-27 13:39:14] [API] request success agent=Critique Agent attempt=2/8 elapsed=14.8s raw_chars=6764
[2026-06-27 13:39:33] [API] request start agent=Critique Agent attempt=6/8 prompt_chars=13098
[2026-06-27 13:39:50] [API] request success agent=Critique Agent attempt=6/8 elapsed=16.4s raw_chars=7642
[2026-06-27 13:39:50] [API] request start agent=Review Manager Agent attempt=1/8 prompt_chars=9285[2026-06-27 13:39:50] [API] request start agent=Review Manager Agent attempt=1/8 prompt_chars=9285

[2026-06-27 13:39:58] [API] request success agent=Review Manager Agent attempt=1/8 elapsed=8.2s raw_chars=3406
[2026-06-27 13:39:58] [API] request start agent=Review Manager Agent attempt=1/8 prompt_chars=9285
[2026-06-27 13:40:02] [API] request success agent=Review Manager Agent attempt=1/8 elapsed=11.9s raw_chars=5433
[2026-06-27 13:40:02] [API] request start agent=Review Manager Agent attempt=1/8 prompt_chars=9285
[2026-06-27 13:40:08] [API] request success agent=Review Manager Agent attempt=1/8 elapsed=9.8s raw_chars=4333
[2026-06-27 13:40:11] [API] request success agent=Review Manager Agent attempt=1/8 elapsed=8.7s raw_chars=3660
[2026-06-27 13:40:11] [API] request start agent=Critique Agent attempt=1/8 prompt_chars=11673[2026-06-27 13:40:11] [API] request start agent=Critique Agent attempt=1/8 prompt_chars=8030

[2026-06-27 13:40:11] [API] request error agent=Critique Agent attempt=1/8 elapsed=0.3s error=Error code: 429 - {'error': {'code': '429', 'message': 'Too many requests', 'type': 'limitation'}}
[2026-06-27 13:40:11] [API] retry wait agent=Critique Agent next_attempt=2/8 wait=2.0s
[2026-06-27 13:40:13] [API] request success agent=Critique Agent attempt=1/8 elapsed=2.3s raw_chars=429
[2026-06-27 13:40:13] [API] request start agent=Critique Agent attempt=2/8 prompt_chars=11673
[2026-06-27 13:40:13] [API] request error agent=Critique Agent attempt=2/8 elapsed=0.3s error=Error code: 429 - {'error': {'code': '429', 'message': 'Too many requests', 'type': 'limitation'}}
[2026-06-27 13:40:13] [API] retry wait agent=Critique Agent next_attempt=3/8 wait=4.0s
[2026-06-27 13:40:17] [API] request start agent=Critique Agent attempt=3/8 prompt_chars=11673
[2026-06-27 13:40:18] [API] request error agent=Critique Agent attempt=3/8 elapsed=0.3s error=Error code: 429 - {'error': {'code': '429', 'message': 'Too many requests', 'type': 'limitation'}}
[2026-06-27 13:40:18] [API] retry wait agent=Critique Agent next_attempt=4/8 wait=8.0s
[2026-06-27 13:40:26] [API] request start agent=Critique Agent attempt=4/8 prompt_chars=11673
[2026-06-27 13:40:26] [API] request error agent=Critique Agent attempt=4/8 elapsed=0.6s error=Error code: 429 - {'error': {'code': '429', 'message': 'Too many requests', 'type': 'limitation'}}
[2026-06-27 13:40:26] [API] retry wait agent=Critique Agent next_attempt=5/8 wait=16.0s
[2026-06-27 13:40:42] [API] request start agent=Critique Agent attempt=5/8 prompt_chars=11673
[2026-06-27 13:40:43] [API] request error agent=Critique Agent attempt=5/8 elapsed=0.6s error=Error code: 429 - {'error': {'code': '429', 'message': 'Too many requests', 'type': 'limitation'}}
[2026-06-27 13:40:43] [API] retry wait agent=Critique Agent next_attempt=6/8 wait=30.0s
[2026-06-27 13:41:13] [API] request start agent=Critique Agent attempt=6/8 prompt_chars=11673
[2026-06-27 13:41:16] [API] request success agent=Critique Agent attempt=6/8 elapsed=3.2s raw_chars=726
[2026-06-27 13:41:16] [API] request start agent=Evidence Agent attempt=1/8 prompt_chars=8593
[2026-06-27 13:41:21] [API] request success agent=Evidence Agent attempt=1/8 elapsed=4.8s raw_chars=1567
[2026-06-27 13:41:21] [API] request start agent=Evidence Agent attempt=1/8 prompt_chars=8593
[2026-06-27 13:41:22] [API] request error agent=Evidence Agent attempt=1/8 elapsed=0.3s error=Error code: 429 - {'error': {'code': '429', 'message': 'Too many requests', 'type': 'limitation'}}
[2026-06-27 13:41:22] [API] retry wait agent=Evidence Agent next_attempt=2/8 wait=2.0s
[2026-06-27 13:41:24] [API] request start agent=Evidence Agent attempt=2/8 prompt_chars=8593
[2026-06-27 13:41:24] [API] request error agent=Evidence Agent attempt=2/8 elapsed=0.3s error=Error code: 429 - {'error': {'code': '429', 'message': 'Too many requests', 'type': 'limitation'}}
[2026-06-27 13:41:24] [API] retry wait agent=Evidence Agent next_attempt=3/8 wait=4.0s
[2026-06-27 13:41:28] [API] request start agent=Evidence Agent attempt=3/8 prompt_chars=8593
[2026-06-27 13:41:28] [API] request error agent=Evidence Agent attempt=3/8 elapsed=0.3s error=Error code: 429 - {'error': {'code': '429', 'message': 'Too many requests', 'type': 'limitation'}}
[2026-06-27 13:41:28] [API] retry wait agent=Evidence Agent next_attempt=4/8 wait=8.0s
[2026-06-27 13:41:36] [API] request start agent=Evidence Agent attempt=4/8 prompt_chars=8593
[2026-06-27 13:41:38] [API] request success agent=Evidence Agent attempt=4/8 elapsed=2.3s raw_chars=480
[2026-06-27 13:41:39] [API] request start agent=Review Manager Agent attempt=1/8 prompt_chars=9285[2026-06-27 13:41:39] [API] request start agent=Review Manager Agent attempt=1/8 prompt_chars=9285

[2026-06-27 13:41:39] [API] request error agent=Review Manager Agent attempt=1/8 elapsed=0.3s error=Error code: 429 - {'error': {'code': '429', 'message': 'Too many requests', 'type': 'limitation'}}
[2026-06-27 13:41:39] [API] retry wait agent=Review Manager Agent next_attempt=2/8 wait=2.0s
[2026-06-27 13:41:40] [API] request error agent=Review Manager Agent attempt=1/8 elapsed=0.6s error=Error code: 429 - {'error': {'code': '429', 'message': 'Too many requests', 'type': 'limitation'}}
[2026-06-27 13:41:40] [API] retry wait agent=Review Manager Agent next_attempt=2/8 wait=2.0s
[2026-06-27 13:41:41] [API] request start agent=Review Manager Agent attempt=2/8 prompt_chars=9285
[2026-06-27 13:41:42] [API] request error agent=Review Manager Agent attempt=2/8 elapsed=0.3s error=Error code: 429 - {'error': {'code': '429', 'message': 'Too many requests', 'type': 'limitation'}}
[2026-06-27 13:41:42] [API] retry wait agent=Review Manager Agent next_attempt=3/8 wait=4.0s
[2026-06-27 13:41:42] [API] request start agent=Review Manager Agent attempt=2/8 prompt_chars=9285
[2026-06-27 13:41:42] [API] request error agent=Review Manager Agent attempt=2/8 elapsed=0.3s error=Error code: 429 - {'error': {'code': '429', 'message': 'Too many requests', 'type': 'limitation'}}
[2026-06-27 13:41:42] [API] retry wait agent=Review Manager Agent next_attempt=3/8 wait=4.0s
[2026-06-27 13:41:46] [API] request start agent=Review Manager Agent attempt=3/8 prompt_chars=9285
[2026-06-27 13:41:46] [API] request error agent=Review Manager Agent attempt=3/8 elapsed=0.3s error=Error code: 429 - {'error': {'code': '429', 'message': 'Too many requests', 'type': 'limitation'}}
[2026-06-27 13:41:46] [API] retry wait agent=Review Manager Agent next_attempt=4/8 wait=8.0s
[2026-06-27 13:41:46] [API] request start agent=Review Manager Agent attempt=3/8 prompt_chars=9285
[2026-06-27 13:41:46] [API] request error agent=Review Manager Agent attempt=3/8 elapsed=0.3s error=Error code: 429 - {'error': {'code': '429', 'message': 'Too many requests', 'type': 'limitation'}}
[2026-06-27 13:41:46] [API] retry wait agent=Review Manager Agent next_attempt=4/8 wait=8.0s
[2026-06-27 13:41:54] [API] request start agent=Review Manager Agent attempt=4/8 prompt_chars=9285
[2026-06-27 13:41:54] [API] request start agent=Review Manager Agent attempt=4/8 prompt_chars=9285
[2026-06-27 13:41:55] [API] request error agent=Review Manager Agent attempt=4/8 elapsed=0.6s error=Error code: 429 - {'error': {'code': '429', 'message': 'Too many requests', 'type': 'limitation'}}
[2026-06-27 13:41:55] [API] retry wait agent=Review Manager Agent next_attempt=5/8 wait=16.0s
[2026-06-27 13:42:05] [API] request success agent=Review Manager Agent attempt=4/8 elapsed=11.3s raw_chars=4637
[2026-06-27 13:42:05] [API] request start agent=Review Manager Agent attempt=1/8 prompt_chars=9285
[2026-06-27 13:42:11] [API] request start agent=Review Manager Agent attempt=5/8 prompt_chars=9285
[2026-06-27 13:42:12] [API] request error agent=Review Manager Agent attempt=5/8 elapsed=0.7s error=Error code: 429 - {'error': {'code': '429', 'message': 'Too many requests', 'type': 'limitation'}}
[2026-06-27 13:42:12] [API] retry wait agent=Review Manager Agent next_attempt=6/8 wait=30.0s
[2026-06-27 13:42:15] [API] request success agent=Review Manager Agent attempt=1/8 elapsed=9.3s raw_chars=3931
[2026-06-27 13:42:15] [API] request start agent=Review Manager Agent attempt=1/8 prompt_chars=9285
[2026-06-27 13:42:15] [API] request error agent=Review Manager Agent attempt=1/8 elapsed=0.3s error=Error code: 429 - {'error': {'code': '429', 'message': 'Too many requests', 'type': 'limitation'}}
[2026-06-27 13:42:15] [API] retry wait agent=Review Manager Agent next_attempt=2/8 wait=2.0s
[2026-06-27 13:42:17] [API] request start agent=Review Manager Agent attempt=2/8 prompt_chars=9285
[2026-06-27 13:42:24] [API] request success agent=Review Manager Agent attempt=2/8 elapsed=7.0s raw_chars=3221
[2026-06-27 13:42:42] [API] request start agent=Review Manager Agent attempt=6/8 prompt_chars=9285
[2026-06-27 13:42:51] [API] request success agent=Review Manager Agent attempt=6/8 elapsed=9.7s raw_chars=3396
[2026-06-27 13:42:52] [API] request start agent=Evidence Agent attempt=1/8 prompt_chars=7826
[2026-06-27 13:42:52] [API] request start agent=Evidence Agent attempt=1/8 prompt_chars=7826
[2026-06-27 13:42:52] [API] request error agent=Evidence Agent attempt=1/8 elapsed=0.3s error=Error code: 429 - {'error': {'code': '429', 'message': 'Too many requests', 'type': 'limitation'}}
[2026-06-27 13:42:52] [API] retry wait agent=Evidence Agent next_attempt=2/8 wait=2.0s
[2026-06-27 13:42:53] [API] request error agent=Evidence Agent attempt=1/8 elapsed=0.6s error=Error code: 429 - {'error': {'code': '429', 'message': 'Too many requests', 'type': 'limitation'}}
[2026-06-27 13:42:53] [API] retry wait agent=Evidence Agent next_attempt=2/8 wait=2.0s
[2026-06-27 13:42:54] [API] request start agent=Evidence Agent attempt=2/8 prompt_chars=7826
[2026-06-27 13:42:55] [API] request error agent=Evidence Agent attempt=2/8 elapsed=0.3s error=Error code: 429 - {'error': {'code': '429', 'message': 'Too many requests', 'type': 'limitation'}}
[2026-06-27 13:42:55] [API] retry wait agent=Evidence Agent next_attempt=3/8 wait=4.0s
[2026-06-27 13:42:55] [API] request start agent=Evidence Agent attempt=2/8 prompt_chars=7826
[2026-06-27 13:42:57] [API] request success agent=Evidence Agent attempt=2/8 elapsed=2.7s raw_chars=621
[2026-06-27 13:42:57] [API] request start agent=Evidence Agent attempt=1/8 prompt_chars=7826
[2026-06-27 13:42:58] [API] request error agent=Evidence Agent attempt=1/8 elapsed=0.3s error=Error code: 429 - {'error': {'code': '429', 'message': 'Too many requests', 'type': 'limitation'}}
[2026-06-27 13:42:58] [API] retry wait agent=Evidence Agent next_attempt=2/8 wait=2.0s
[2026-06-27 13:42:59] [API] request start agent=Evidence Agent attempt=3/8 prompt_chars=7826
[2026-06-27 13:42:59] [API] request error agent=Evidence Agent attempt=3/8 elapsed=0.3s error=Error code: 429 - {'error': {'code': '429', 'message': 'Too many requests', 'type': 'limitation'}}
[2026-06-27 13:42:59] [API] retry wait agent=Evidence Agent next_attempt=4/8 wait=8.0s
[2026-06-27 13:43:00] [API] request start agent=Evidence Agent attempt=2/8 prompt_chars=7826
[2026-06-27 13:43:00] [API] request error agent=Evidence Agent attempt=2/8 elapsed=0.3s error=Error code: 429 - {'error': {'code': '429', 'message': 'Too many requests', 'type': 'limitation'}}
[2026-06-27 13:43:00] [API] retry wait agent=Evidence Agent next_attempt=3/8 wait=4.0s
[2026-06-27 13:43:04] [API] request start agent=Evidence Agent attempt=3/8 prompt_chars=7826
[2026-06-27 13:43:07] [API] request start agent=Evidence Agent attempt=4/8 prompt_chars=7826
[2026-06-27 13:43:07] [API] request error agent=Evidence Agent attempt=4/8 elapsed=0.6s error=Error code: 429 - {'error': {'code': '429', 'message': 'Too many requests', 'type': 'limitation'}}
[2026-06-27 13:43:07] [API] retry wait agent=Evidence Agent next_attempt=5/8 wait=16.0s
[2026-06-27 13:43:09] [API] request success agent=Evidence Agent attempt=3/8 elapsed=5.3s raw_chars=1472
[2026-06-27 13:43:23] [API] request start agent=Evidence Agent attempt=5/8 prompt_chars=7826
[2026-06-27 13:43:31] [API] request success agent=Evidence Agent attempt=5/8 elapsed=7.4s raw_chars=2648
[2026-06-27 13:43:31] [API] request start agent=Critique Agent attempt=1/8 prompt_chars=11673
[2026-06-27 13:43:35] [API] request success agent=Critique Agent attempt=1/8 elapsed=4.5s raw_chars=1474
[review_reward][unknown][7Dub7UXTXN] reward=0.5407 breakdown={'decision': 0.0, 'section_presence': 1.0, 'length_score': 1.0, 'summary_align': 0.5769, 'strength_align': 0.3652, 'weakness_align': 0.2373, 'suggestion_align': 0.4693, 'global_align': 0.3467, 'critique': 1.0, 'stance_align': 0.7407, 'rating_align': 0.0, 'decision_line_bonus': 0.0, 'audit_id_leak_penalty': 0.0, 'penalty': 0.0, 'total': 0.5407, 'es_coverage': 0.5, 'es_depth': 0.5, 'es_empirical': 0.5, 'es_independent': 0.25, 'es_flaw_density': 0.0, 'es_support_volume': 0.375, 'evidence_support_score': 0.3875}
[2026-06-27 13:43:36] [API] request start agent=Review Manager Agent attempt=1/8 prompt_chars=9285[2026-06-27 13:43:36] [API] request start agent=Review Manager Agent attempt=1/8 prompt_chars=9281

[2026-06-27 13:43:37] [API] request error agent=Review Manager Agent attempt=1/8 elapsed=0.6s error=Error code: 429 - {'error': {'code': '429', 'message': 'Too many requests', 'type': 'limitation'}}
[2026-06-27 13:43:37] [API] retry wait agent=Review Manager Agent next_attempt=2/8 wait=2.0s
[2026-06-27 13:43:39] [API] request start agent=Review Manager Agent attempt=2/8 prompt_chars=9281
[2026-06-27 13:43:45] [API] request success agent=Review Manager Agent attempt=1/8 elapsed=8.7s raw_chars=3844
[2026-06-27 13:43:45] [API] request start agent=Review Manager Agent attempt=1/8 prompt_chars=9285
[2026-06-27 13:43:45] [API] request error agent=Review Manager Agent attempt=1/8 elapsed=0.3s error=Error code: 429 - {'error': {'code': '429', 'message': 'Too many requests', 'type': 'limitation'}}
[2026-06-27 13:43:45] [API] retry wait agent=Review Manager Agent next_attempt=2/8 wait=2.0s
[2026-06-27 13:43:47] [API] request start agent=Review Manager Agent attempt=2/8 prompt_chars=9285
[2026-06-27 13:43:47] [API] request error agent=Review Manager Agent attempt=2/8 elapsed=0.3s error=Error code: 429 - {'error': {'code': '429', 'message': 'Too many requests', 'type': 'limitation'}}
[2026-06-27 13:43:47] [API] retry wait agent=Review Manager Agent next_attempt=3/8 wait=4.0s
[2026-06-27 13:43:48] [API] request success agent=Review Manager Agent attempt=2/8 elapsed=9.4s raw_chars=3858
[2026-06-27 13:43:51] [API] request start agent=Review Manager Agent attempt=3/8 prompt_chars=9285
[2026-06-27 13:43:52] [API] request error agent=Review Manager Agent attempt=3/8 elapsed=0.3s error=Error code: 429 - {'error': {'code': '429', 'message': 'Too many requests', 'type': 'limitation'}}
[2026-06-27 13:43:52] [API] retry wait agent=Review Manager Agent next_attempt=4/8 wait=8.0s
[2026-06-27 13:44:00] [API] request start agent=Review Manager Agent attempt=4/8 prompt_chars=9285
[2026-06-27 13:44:09] [API] request success agent=Review Manager Agent attempt=4/8 elapsed=9.1s raw_chars=4081
[2026-06-27 13:44:09] [API] request start agent=Critique Agent attempt=1/8 prompt_chars=8030
[2026-06-27 13:44:09] [API] request start agent=Critique Agent attempt=1/8 prompt_chars=11673
[2026-06-27 13:44:10] [API] request error agent=Critique Agent attempt=1/8 elapsed=0.3s error=Error code: 429 - {'error': {'code': '429', 'message': 'Too many requests', 'type': 'limitation'}}
[2026-06-27 13:44:10] [API] retry wait agent=Critique Agent next_attempt=2/8 wait=2.0s
[2026-06-27 13:44:10] [API] request error agent=Critique Agent attempt=1/8 elapsed=0.6s error=Error code: 429 - {'error': {'code': '429', 'message': 'Too many requests', 'type': 'limitation'}}
[2026-06-27 13:44:10] [API] retry wait agent=Critique Agent next_attempt=2/8 wait=2.0s
[2026-06-27 13:44:12] [API] request start agent=Critique Agent attempt=2/8 prompt_chars=8030
[2026-06-27 13:44:12] [API] request start agent=Critique Agent attempt=2/8 prompt_chars=11673
[2026-06-27 13:44:12] [API] request error agent=Critique Agent attempt=2/8 elapsed=0.3s error=Error code: 429 - {'error': {'code': '429', 'message': 'Too many requests', 'type': 'limitation'}}
[2026-06-27 13:44:12] [API] retry wait agent=Critique Agent next_attempt=3/8 wait=4.0s
[2026-06-27 13:44:14] [API] request success agent=Critique Agent attempt=2/8 elapsed=2.4s raw_chars=617
[2026-06-27 13:44:14] [API] request start agent=Critique Agent attempt=1/8 prompt_chars=11673
[2026-06-27 13:44:14] [API] request error agent=Critique Agent attempt=1/8 elapsed=0.3s error=Error code: 429 - {'error': {'code': '429', 'message': 'Too many requests', 'type': 'limitation'}}
[2026-06-27 13:44:14] [API] retry wait agent=Critique Agent next_attempt=2/8 wait=2.0s
[2026-06-27 13:44:16] [API] request start agent=Critique Agent attempt=3/8 prompt_chars=11673
[2026-06-27 13:44:16] [API] request start agent=Critique Agent attempt=2/8 prompt_chars=11673
[2026-06-27 13:44:16] [API] request error agent=Critique Agent attempt=3/8 elapsed=0.3s error=Error code: 429 - {'error': {'code': '429', 'message': 'Too many requests', 'type': 'limitation'}}
[2026-06-27 13:44:16] [API] retry wait agent=Critique Agent next_attempt=4/8 wait=8.0s
[2026-06-27 13:44:17] [API] request error agent=Critique Agent attempt=2/8 elapsed=0.3s error=Error code: 429 - {'error': {'code': '429', 'message': 'Too many requests', 'type': 'limitation'}}
[2026-06-27 13:44:17] [API] retry wait agent=Critique Agent next_attempt=3/8 wait=4.0s
[2026-06-27 13:44:21] [API] request start agent=Critique Agent attempt=3/8 prompt_chars=11673
[2026-06-27 13:44:24] [API] request start agent=Critique Agent attempt=4/8 prompt_chars=11673
[2026-06-27 13:44:25] [API] request success agent=Critique Agent attempt=3/8 elapsed=4.7s raw_chars=1347
[2026-06-27 13:44:27] [API] request success agent=Critique Agent attempt=4/8 elapsed=3.0s raw_chars=591
[2026-06-27 13:44:28] [API] request start agent=Evidence Agent attempt=1/8 prompt_chars=8754
[2026-06-27 13:44:28] [API] request error agent=Evidence Agent attempt=1/8 elapsed=0.3s error=Error code: 429 - {'error': {'code': '429', 'message': 'Too many requests', 'type': 'limitation'}}
[2026-06-27 13:44:28] [API] retry wait agent=Evidence Agent next_attempt=2/8 wait=2.0s
[2026-06-27 13:44:30] [API] request start agent=Evidence Agent attempt=2/8 prompt_chars=8754
[2026-06-27 13:44:30] [API] request error agent=Evidence Agent attempt=2/8 elapsed=0.3s error=Error code: 429 - {'error': {'code': '429', 'message': 'Too many requests', 'type': 'limitation'}}
[2026-06-27 13:44:30] [API] retry wait agent=Evidence Agent next_attempt=3/8 wait=4.0s
[2026-06-27 13:44:35] [API] request start agent=Evidence Agent attempt=3/8 prompt_chars=8754
[2026-06-27 13:44:37] [API] request success agent=Evidence Agent attempt=3/8 elapsed=2.1s raw_chars=407
[2026-06-27 13:44:37] [API] request start agent=Review Manager Agent attempt=1/8 prompt_chars=9281[2026-06-27 13:44:37] [API] request start agent=Review Manager Agent attempt=1/8 prompt_chars=9284

[2026-06-27 13:44:38] [API] request error agent=Review Manager Agent attempt=1/8 elapsed=0.3s error=Error code: 429 - {'error': {'code': '429', 'message': 'Too many requests', 'type': 'limitation'}}
[2026-06-27 13:44:38] [API] retry wait agent=Review Manager Agent next_attempt=2/8 wait=2.0s
[2026-06-27 13:44:38] [API] request error agent=Review Manager Agent attempt=1/8 elapsed=0.6s error=Error code: 429 - {'error': {'code': '429', 'message': 'Too many requests', 'type': 'limitation'}}
[2026-06-27 13:44:38] [API] retry wait agent=Review Manager Agent next_attempt=2/8 wait=2.0s
[2026-06-27 13:44:40] [API] request start agent=Review Manager Agent attempt=2/8 prompt_chars=9284
[2026-06-27 13:44:40] [API] request error agent=Review Manager Agent attempt=2/8 elapsed=0.3s error=Error code: 429 - {'error': {'code': '429', 'message': 'Too many requests', 'type': 'limitation'}}
[2026-06-27 13:44:40] [API] retry wait agent=Review Manager Agent next_attempt=3/8 wait=4.0s
[2026-06-27 13:44:40] [API] request start agent=Review Manager Agent attempt=2/8 prompt_chars=9281
[2026-06-27 13:44:40] [API] request error agent=Review Manager Agent attempt=2/8 elapsed=0.3s error=Error code: 429 - {'error': {'code': '429', 'message': 'Too many requests', 'type': 'limitation'}}
[2026-06-27 13:44:40] [API] retry wait agent=Review Manager Agent next_attempt=3/8 wait=4.0s
[2026-06-27 13:44:44] [API] request start agent=Review Manager Agent attempt=3/8 prompt_chars=9284
[2026-06-27 13:44:44] [API] request error agent=Review Manager Agent attempt=3/8 elapsed=0.3s error=Error code: 429 - {'error': {'code': '429', 'message': 'Too many requests', 'type': 'limitation'}}
[2026-06-27 13:44:44] [API] retry wait agent=Review Manager Agent next_attempt=4/8 wait=8.0s
[2026-06-27 13:44:44] [API] request start agent=Review Manager Agent attempt=3/8 prompt_chars=9281
[2026-06-27 13:44:45] [API] request error agent=Review Manager Agent attempt=3/8 elapsed=0.3s error=Error code: 429 - {'error': {'code': '429', 'message': 'Too many requests', 'type': 'limitation'}}
[2026-06-27 13:44:45] [API] retry wait agent=Review Manager Agent next_attempt=4/8 wait=8.0s
[2026-06-27 13:44:52] [API] request start agent=Review Manager Agent attempt=4/8 prompt_chars=9284
[2026-06-27 13:44:53] [API] request start agent=Review Manager Agent attempt=4/8 prompt_chars=9281
[2026-06-27 13:44:53] [API] request error agent=Review Manager Agent attempt=4/8 elapsed=0.6s error=Error code: 429 - {'error': {'code': '429', 'message': 'Too many requests', 'type': 'limitation'}}
[2026-06-27 13:44:53] [API] retry wait agent=Review Manager Agent next_attempt=5/8 wait=16.0s
[2026-06-27 13:45:00] [API] request success agent=Review Manager Agent attempt=4/8 elapsed=8.2s raw_chars=3427
[2026-06-27 13:45:00] [API] request start agent=Review Manager Agent attempt=1/8 prompt_chars=9285
[2026-06-27 13:45:09] [API] request success agent=Review Manager Agent attempt=1/8 elapsed=8.3s raw_chars=3273
[2026-06-27 13:45:09] [API] request start agent=Review Manager Agent attempt=5/8 prompt_chars=9281
[2026-06-27 13:45:17] [API] request success agent=Review Manager Agent attempt=5/8 elapsed=7.8s raw_chars=3586
[2026-06-27 13:45:17] [API] request start agent=Evidence Agent attempt=1/8 prompt_chars=7826[2026-06-27 13:45:17] [API] request start agent=Evidence Agent attempt=1/8 prompt_chars=7826

[2026-06-27 13:45:17] [API] request error agent=Evidence Agent attempt=1/8 elapsed=0.3s error=Error code: 429 - {'error': {'code': '429', 'message': 'Too many requests', 'type': 'limitation'}}
[2026-06-27 13:45:17] [API] retry wait agent=Evidence Agent next_attempt=2/8 wait=2.0s
[2026-06-27 13:45:18] [API] request error agent=Evidence Agent attempt=1/8 elapsed=0.5s error=Error code: 429 - {'error': {'code': '429', 'message': 'Too many requests', 'type': 'limitation'}}
[2026-06-27 13:45:18] [API] retry wait agent=Evidence Agent next_attempt=2/8 wait=2.0s
[2026-06-27 13:45:19] [API] request start agent=Evidence Agent attempt=2/8 prompt_chars=7826
[2026-06-27 13:45:20] [API] request start agent=Evidence Agent attempt=2/8 prompt_chars=7826
[2026-06-27 13:45:20] [API] request error agent=Evidence Agent attempt=2/8 elapsed=0.3s error=Error code: 429 - {'error': {'code': '429', 'message': 'Too many requests', 'type': 'limitation'}}
[2026-06-27 13:45:20] [API] retry wait agent=Evidence Agent next_attempt=3/8 wait=4.0s
[2026-06-27 13:45:24] [API] request start agent=Evidence Agent attempt=3/8 prompt_chars=7826
[2026-06-27 13:45:24] [API] request error agent=Evidence Agent attempt=3/8 elapsed=0.3s error=Error code: 429 - {'error': {'code': '429', 'message': 'Too many requests', 'type': 'limitation'}}
[2026-06-27 13:45:24] [API] retry wait agent=Evidence Agent next_attempt=4/8 wait=8.0s
[2026-06-27 13:45:26] [API] request success agent=Evidence Agent attempt=2/8 elapsed=6.5s raw_chars=2633
[2026-06-27 13:45:32] [API] request start agent=Evidence Agent attempt=4/8 prompt_chars=7826
[2026-06-27 13:45:40] [API] request success agent=Evidence Agent attempt=4/8 elapsed=7.3s raw_chars=2772
[2026-06-27 13:45:40] [API] request start agent=Critique Agent attempt=1/8 prompt_chars=8030
[2026-06-27 13:45:40] [API] request error agent=Critique Agent attempt=1/8 elapsed=0.3s error=Error code: 429 - {'error': {'code': '429', 'message': 'Too many requests', 'type': 'limitation'}}
[2026-06-27 13:45:40] [API] retry wait agent=Critique Agent next_attempt=2/8 wait=2.0s
[2026-06-27 13:45:42] [API] request start agent=Critique Agent attempt=2/8 prompt_chars=8030
[2026-06-27 13:45:42] [API] request error agent=Critique Agent attempt=2/8 elapsed=0.3s error=Error code: 429 - {'error': {'code': '429', 'message': 'Too many requests', 'type': 'limitation'}}
[2026-06-27 13:45:42] [API] retry wait agent=Critique Agent next_attempt=3/8 wait=4.0s
[2026-06-27 13:45:46] [API] request start agent=Critique Agent attempt=3/8 prompt_chars=8030
[2026-06-27 13:45:46] [API] request error agent=Critique Agent attempt=3/8 elapsed=0.3s error=Error code: 429 - {'error': {'code': '429', 'message': 'Too many requests', 'type': 'limitation'}}
[2026-06-27 13:45:46] [API] retry wait agent=Critique Agent next_attempt=4/8 wait=8.0s
[2026-06-27 13:45:54] [API] request start agent=Critique Agent attempt=4/8 prompt_chars=8030
[2026-06-27 13:45:55] [API] request error agent=Critique Agent attempt=4/8 elapsed=0.6s error=Error code: 429 - {'error': {'code': '429', 'message': 'Too many requests', 'type': 'limitation'}}
[2026-06-27 13:45:55] [API] retry wait agent=Critique Agent next_attempt=5/8 wait=16.0s
[2026-06-27 13:46:11] [API] request start agent=Critique Agent attempt=5/8 prompt_chars=8030
[2026-06-27 13:46:13] [API] request success agent=Critique Agent attempt=5/8 elapsed=2.5s raw_chars=430
[2026-06-27 13:46:14] [API] request start agent=Evidence Agent attempt=1/8 prompt_chars=8754
[2026-06-27 13:46:14] [API] request error agent=Evidence Agent attempt=1/8 elapsed=0.3s error=Error code: 429 - {'error': {'code': '429', 'message': 'Too many requests', 'type': 'limitation'}}
[2026-06-27 13:46:14] [API] retry wait agent=Evidence Agent next_attempt=2/8 wait=2.0s
[2026-06-27 13:46:16] [API] request start agent=Evidence Agent attempt=2/8 prompt_chars=8754
[2026-06-27 13:46:16] [API] request error agent=Evidence Agent attempt=2/8 elapsed=0.3s error=Error code: 429 - {'error': {'code': '429', 'message': 'Too many requests', 'type': 'limitation'}}
[2026-06-27 13:46:16] [API] retry wait agent=Evidence Agent next_attempt=3/8 wait=4.0s
[2026-06-27 13:46:20] [API] request start agent=Evidence Agent attempt=3/8 prompt_chars=8754
[2026-06-27 13:46:21] [API] request error agent=Evidence Agent attempt=3/8 elapsed=0.3s error=Error code: 429 - {'error': {'code': '429', 'message': 'Too many requests', 'type': 'limitation'}}
[2026-06-27 13:46:21] [API] retry wait agent=Evidence Agent next_attempt=4/8 wait=8.0s
[2026-06-27 13:46:29] [API] request start agent=Evidence Agent attempt=4/8 prompt_chars=8754
[2026-06-27 13:46:31] [API] request success agent=Evidence Agent attempt=4/8 elapsed=2.7s raw_chars=506
[review_reward][unknown][ye3NrNrYOY] reward=0.6897 breakdown={'decision': 0.0, 'section_presence': 1.0, 'length_score': 1.0, 'summary_align': 0.5646, 'strength_align': 0.393, 'weakness_align': 0.2482, 'suggestion_align': 0.3502, 'global_align': 0.3409, 'critique': 1.0, 'stance_align': 0.7246, 'rating_align': 0.0, 'decision_line_bonus': 0.0, 'audit_id_leak_penalty': 0.0, 'penalty': 0.0, 'total': 0.6897, 'es_coverage': 1.0, 'es_depth': 1.0, 'es_empirical': 0.75, 'es_independent': 0.75, 'es_flaw_density': 0.0, 'es_support_volume': 0.875, 'evidence_support_score': 0.775}
[review_reward][unknown][WNxlJJIEVj] reward=0.5647 breakdown={'decision': 0.0, 'section_presence': 1.0, 'length_score': 1.0, 'summary_align': 0.3686, 'strength_align': 0.3407, 'weakness_align': 0.2365, 'suggestion_align': 0.2996, 'global_align': 0.2194, 'critique': 1.0, 'stance_align': 0.73, 'rating_align': 0.0, 'decision_line_bonus': 0.0, 'audit_id_leak_penalty': 0.0, 'penalty': 0.0, 'total': 0.5647, 'es_coverage': 0.6667, 'es_depth': 0.6667, 'es_empirical': 0.6667, 'es_independent': 0.3333, 'es_flaw_density': 0.0, 'es_support_volume': 0.5, 'evidence_support_score': 0.5167}
[review_reward][unknown][uOrfve3prk] reward=0.5007 breakdown={'decision': 0.0, 'section_presence': 1.0, 'length_score': 1.0, 'summary_align': 0.322, 'strength_align': 0.3095, 'weakness_align': 0.1926, 'suggestion_align': 0.3974, 'global_align': 0.2159, 'critique': 1.0, 'stance_align': 0.7923, 'rating_align': 0.0, 'decision_line_bonus': 0.0, 'audit_id_leak_penalty': 0.0, 'penalty': 0.0, 'total': 0.5007, 'es_coverage': 0.5, 'es_depth': 0.5, 'es_empirical': 0.5, 'es_independent': 0.0, 'es_flaw_density': 0.0, 'es_support_volume': 0.25, 'evidence_support_score': 0.35}
{"paper_id": "ye3NrNrYOY", "mode": "s4", "reward": 0.6897094620531473, "final_decision": "reject", "model_adapter_mode": "small_model"}
{"paper_id": "WNxlJJIEVj", "mode": "s4", "reward": 0.5647335225380304, "final_decision": "reject", "model_adapter_mode": "small_model"}
{"paper_id": "uOrfve3prk", "mode": "s4", "reward": 0.5007268249614285, "final_decision": "reject", "model_adapter_mode": "small_model"}
{"paper_id": "7Dub7UXTXN", "mode": "s4", "reward": 0.5407053851429637, "final_decision": "reject", "model_adapter_mode": "small_model"}
[2026-06-27 13:46:34] [API] request start agent=Review Manager Agent attempt=1/8 prompt_chars=7991[2026-06-27 13:46:34] [API] request start agent=Review Manager Agent attempt=1/8 prompt_chars=7991

[2026-06-27 13:46:34] [API] request error agent=Review Manager Agent attempt=1/8 elapsed=0.6s error=Error code: 429 - {'error': {'code': '429', 'message': 'Too many requests', 'type': 'limitation'}}
[2026-06-27 13:46:34] [API] retry wait agent=Review Manager Agent next_attempt=2/8 wait=2.0s
[2026-06-27 13:46:36] [API] request start agent=Review Manager Agent attempt=2/8 prompt_chars=7991
[2026-06-27 13:46:37] [API] request error agent=Review Manager Agent attempt=2/8 elapsed=0.3s error=Error code: 429 - {'error': {'code': '429', 'message': 'Too many requests', 'type': 'limitation'}}
[2026-06-27 13:46:37] [API] retry wait agent=Review Manager Agent next_attempt=3/8 wait=4.0s
[2026-06-27 13:46:38] [API] request success agent=Review Manager Agent attempt=1/8 elapsed=4.2s raw_chars=1354
[2026-06-27 13:46:38] [API] request start agent=Review Manager Agent attempt=1/8 prompt_chars=7991
[2026-06-27 13:46:38] [API] request error agent=Review Manager Agent attempt=1/8 elapsed=0.3s error=Error code: 429 - {'error': {'code': '429', 'message': 'Too many requests', 'type': 'limitation'}}
[2026-06-27 13:46:38] [API] retry wait agent=Review Manager Agent next_attempt=2/8 wait=2.0s
[2026-06-27 13:46:40] [API] request start agent=Review Manager Agent attempt=2/8 prompt_chars=7991
[2026-06-27 13:46:41] [API] request start agent=Review Manager Agent attempt=3/8 prompt_chars=7991
[2026-06-27 13:46:41] [API] request error agent=Review Manager Agent attempt=2/8 elapsed=0.4s error=Error code: 429 - {'error': {'code': '429', 'message': 'Too many requests', 'type': 'limitation'}}
[2026-06-27 13:46:41] [API] retry wait agent=Review Manager Agent next_attempt=3/8 wait=4.0s
[2026-06-27 13:46:41] [API] request error agent=Review Manager Agent attempt=3/8 elapsed=0.3s error=Error code: 429 - {'error': {'code': '429', 'message': 'Too many requests', 'type': 'limitation'}}
[2026-06-27 13:46:41] [API] retry wait agent=Review Manager Agent next_attempt=4/8 wait=8.0s
[2026-06-27 13:46:45] [API] request start agent=Review Manager Agent attempt=3/8 prompt_chars=7991
[2026-06-27 13:46:45] [API] request error agent=Review Manager Agent attempt=3/8 elapsed=0.3s error=Error code: 429 - {'error': {'code': '429', 'message': 'Too many requests', 'type': 'limitation'}}
[2026-06-27 13:46:45] [API] retry wait agent=Review Manager Agent next_attempt=4/8 wait=8.0s
[2026-06-27 13:46:49] [API] request start agent=Review Manager Agent attempt=4/8 prompt_chars=7991
[2026-06-27 13:46:49] [API] request error agent=Review Manager Agent attempt=4/8 elapsed=0.3s error=Error code: 429 - {'error': {'code': '429', 'message': 'Too many requests', 'type': 'limitation'}}
[2026-06-27 13:46:49] [API] retry wait agent=Review Manager Agent next_attempt=5/8 wait=16.0s
[2026-06-27 13:46:53] [API] request start agent=Review Manager Agent attempt=4/8 prompt_chars=7991
[2026-06-27 13:46:53] [API] request error agent=Review Manager Agent attempt=4/8 elapsed=0.3s error=Error code: 429 - {'error': {'code': '429', 'message': 'Too many requests', 'type': 'limitation'}}
[2026-06-27 13:46:53] [API] retry wait agent=Review Manager Agent next_attempt=5/8 wait=16.0s
[2026-06-27 13:47:05] [API] request start agent=Review Manager Agent attempt=5/8 prompt_chars=7991
[2026-06-27 13:47:09] [API] request success agent=Review Manager Agent attempt=5/8 elapsed=3.8s raw_chars=1036
[2026-06-27 13:47:09] [API] request start agent=Review Manager Agent attempt=1/8 prompt_chars=7991
[2026-06-27 13:47:09] [API] request start agent=Review Manager Agent attempt=5/8 prompt_chars=7991
[2026-06-27 13:47:09] [API] request error agent=Review Manager Agent attempt=1/8 elapsed=0.3s error=Error code: 429 - {'error': {'code': '429', 'message': 'Too many requests', 'type': 'limitation'}}
[2026-06-27 13:47:09] [API] retry wait agent=Review Manager Agent next_attempt=2/8 wait=2.0s
[2026-06-27 13:47:10] [API] request error agent=Review Manager Agent attempt=5/8 elapsed=0.6s error=Error code: 429 - {'error': {'code': '429', 'message': 'Too many requests', 'type': 'limitation'}}
[2026-06-27 13:47:10] [API] retry wait agent=Review Manager Agent next_attempt=6/8 wait=30.0s
[2026-06-27 13:47:11] [API] request start agent=Review Manager Agent attempt=2/8 prompt_chars=7991
[2026-06-27 13:47:17] [API] request success agent=Review Manager Agent attempt=2/8 elapsed=5.3s raw_chars=1651
[2026-06-27 13:47:40] [API] request start agent=Review Manager Agent attempt=6/8 prompt_chars=7991
[2026-06-27 13:47:44] [API] request success agent=Review Manager Agent attempt=6/8 elapsed=4.1s raw_chars=1262
[2026-06-27 13:47:44] [API] request start agent=Claim Agent attempt=1/8 prompt_chars=8711[2026-06-27 13:47:44] [API] request start agent=Claim Agent attempt=1/8 prompt_chars=8712

[2026-06-27 13:47:52] [API] request success agent=Claim Agent attempt=1/8 elapsed=7.3s raw_chars=2456
[2026-06-27 13:47:52] [API] request start agent=Claim Agent attempt=1/8 prompt_chars=8712
[2026-06-27 13:47:52] [API] request error agent=Claim Agent attempt=1/8 elapsed=0.4s error=Error code: 429 - {'error': {'code': '429', 'message': 'Too many requests', 'type': 'limitation'}}
[2026-06-27 13:47:52] [API] retry wait agent=Claim Agent next_attempt=2/8 wait=2.0s
[2026-06-27 13:47:53] [API] request success agent=Claim Agent attempt=1/8 elapsed=8.8s raw_chars=3525
[2026-06-27 13:47:53] [API] request start agent=Claim Agent attempt=1/8 prompt_chars=8712
[2026-06-27 13:47:53] [API] request error agent=Claim Agent attempt=1/8 elapsed=0.3s error=Error code: 429 - {'error': {'code': '429', 'message': 'Too many requests', 'type': 'limitation'}}
[2026-06-27 13:47:53] [API] retry wait agent=Claim Agent next_attempt=2/8 wait=2.0s
[2026-06-27 13:47:54] [API] request start agent=Claim Agent attempt=2/8 prompt_chars=8712
[2026-06-27 13:47:54] [API] request error agent=Claim Agent attempt=2/8 elapsed=0.3s error=Error code: 429 - {'error': {'code': '429', 'message': 'Too many requests', 'type': 'limitation'}}
[2026-06-27 13:47:54] [API] retry wait agent=Claim Agent next_attempt=3/8 wait=4.0s
[2026-06-27 13:47:55] [API] request start agent=Claim Agent attempt=2/8 prompt_chars=8712
[2026-06-27 13:47:56] [API] request error agent=Claim Agent attempt=2/8 elapsed=0.3s error=Error code: 429 - {'error': {'code': '429', 'message': 'Too many requests', 'type': 'limitation'}}
[2026-06-27 13:47:56] [API] retry wait agent=Claim Agent next_attempt=3/8 wait=4.0s
[2026-06-27 13:47:58] [API] request start agent=Claim Agent attempt=3/8 prompt_chars=8712
[2026-06-27 13:47:59] [API] request error agent=Claim Agent attempt=3/8 elapsed=0.4s error=Error code: 429 - {'error': {'code': '429', 'message': 'Too many requests', 'type': 'limitation'}}
[2026-06-27 13:47:59] [API] retry wait agent=Claim Agent next_attempt=4/8 wait=8.0s
[2026-06-27 13:48:00] [API] request start agent=Claim Agent attempt=3/8 prompt_chars=8712
[2026-06-27 13:48:00] [API] request error agent=Claim Agent attempt=3/8 elapsed=0.3s error=Error code: 429 - {'error': {'code': '429', 'message': 'Too many requests', 'type': 'limitation'}}
[2026-06-27 13:48:00] [API] retry wait agent=Claim Agent next_attempt=4/8 wait=8.0s
[2026-06-27 13:48:07] [API] request start agent=Claim Agent attempt=4/8 prompt_chars=8712
[2026-06-27 13:48:08] [API] request start agent=Claim Agent attempt=4/8 prompt_chars=8712
[2026-06-27 13:48:09] [API] request error agent=Claim Agent attempt=4/8 elapsed=0.6s error=Error code: 429 - {'error': {'code': '429', 'message': 'Too many requests', 'type': 'limitation'}}
[2026-06-27 13:48:09] [API] retry wait agent=Claim Agent next_attempt=5/8 wait=16.0s
[2026-06-27 13:48:13] [API] request success agent=Claim Agent attempt=4/8 elapsed=6.6s raw_chars=2461
[2026-06-27 13:48:25] [API] request start agent=Claim Agent attempt=5/8 prompt_chars=8712
[2026-06-27 13:48:33] [API] request success agent=Claim Agent attempt=5/8 elapsed=8.8s raw_chars=2998
[2026-06-27 13:48:34] [API] request start agent=Review Manager Agent attempt=1/8 prompt_chars=9285
[2026-06-27 13:48:34] [API] request start agent=Review Manager Agent attempt=1/8 prompt_chars=9285
[2026-06-27 13:48:34] [API] request error agent=Review Manager Agent attempt=1/8 elapsed=0.3s error=Error code: 429 - {'error': {'code': '429', 'message': 'Too many requests', 'type': 'limitation'}}
[2026-06-27 13:48:34] [API] retry wait agent=Review Manager Agent next_attempt=2/8 wait=2.0s
[2026-06-27 13:48:34] [API] request error agent=Review Manager Agent attempt=1/8 elapsed=0.7s error=Error code: 429 - {'error': {'code': '429', 'message': 'Too many requests', 'type': 'limitation'}}
[2026-06-27 13:48:34] [API] retry wait agent=Review Manager Agent next_attempt=2/8 wait=2.0s
[2026-06-27 13:48:36] [API] request start agent=Review Manager Agent attempt=2/8 prompt_chars=9285
[2026-06-27 13:48:36] [API] request error agent=Review Manager Agent attempt=2/8 elapsed=0.4s error=Error code: 429 - {'error': {'code': '429', 'message': 'Too many requests', 'type': 'limitation'}}
[2026-06-27 13:48:36] [API] retry wait agent=Review Manager Agent next_attempt=3/8 wait=4.0s
[2026-06-27 13:48:36] [API] request start agent=Review Manager Agent attempt=2/8 prompt_chars=9285
[2026-06-27 13:48:37] [API] request error agent=Review Manager Agent attempt=2/8 elapsed=0.3s error=Error code: 429 - {'error': {'code': '429', 'message': 'Too many requests', 'type': 'limitation'}}
[2026-06-27 13:48:37] [API] retry wait agent=Review Manager Agent next_attempt=3/8 wait=4.0s
[2026-06-27 13:48:40] [API] request start agent=Review Manager Agent attempt=3/8 prompt_chars=9285
[2026-06-27 13:48:41] [API] request start agent=Review Manager Agent attempt=3/8 prompt_chars=9285
[2026-06-27 13:48:41] [API] request error agent=Review Manager Agent attempt=3/8 elapsed=0.6s error=Error code: 429 - {'error': {'code': '429', 'message': 'Too many requests', 'type': 'limitation'}}
[2026-06-27 13:48:41] [API] retry wait agent=Review Manager Agent next_attempt=4/8 wait=8.0s
[2026-06-27 13:48:49] [API] request start agent=Review Manager Agent attempt=4/8 prompt_chars=9285
[2026-06-27 13:48:50] [API] request error agent=Review Manager Agent attempt=4/8 elapsed=0.6s error=Error code: 429 - {'error': {'code': '429', 'message': 'Too many requests', 'type': 'limitation'}}
[2026-06-27 13:48:50] [API] retry wait agent=Review Manager Agent next_attempt=5/8 wait=16.0s
[2026-06-27 13:48:51] [API] request success agent=Review Manager Agent attempt=3/8 elapsed=10.4s raw_chars=3712
[2026-06-27 13:48:51] [API] request start agent=Review Manager Agent attempt=1/8 prompt_chars=9284
[2026-06-27 13:48:51] [API] request error agent=Review Manager Agent attempt=1/8 elapsed=0.3s error=Error code: 429 - {'error': {'code': '429', 'message': 'Too many requests', 'type': 'limitation'}}
[2026-06-27 13:48:51] [API] retry wait agent=Review Manager Agent next_attempt=2/8 wait=2.0s
[2026-06-27 13:48:53] [API] request start agent=Review Manager Agent attempt=2/8 prompt_chars=9284
[2026-06-27 13:48:53] [API] request error agent=Review Manager Agent attempt=2/8 elapsed=0.3s error=Error code: 429 - {'error': {'code': '429', 'message': 'Too many requests', 'type': 'limitation'}}
[2026-06-27 13:48:53] [API] retry wait agent=Review Manager Agent next_attempt=3/8 wait=4.0s
[2026-06-27 13:48:57] [API] request start agent=Review Manager Agent attempt=3/8 prompt_chars=9284
[2026-06-27 13:49:06] [API] request success agent=Review Manager Agent attempt=3/8 elapsed=8.3s raw_chars=3238
[2026-06-27 13:49:06] [API] request start agent=Review Manager Agent attempt=1/8 prompt_chars=9285
[2026-06-27 13:49:06] [API] request start agent=Review Manager Agent attempt=5/8 prompt_chars=9285
[2026-06-27 13:49:06] [API] request error agent=Review Manager Agent attempt=1/8 elapsed=0.3s error=Error code: 429 - {'error': {'code': '429', 'message': 'Too many requests', 'type': 'limitation'}}
[2026-06-27 13:49:06] [API] retry wait agent=Review Manager Agent next_attempt=2/8 wait=2.0s
[2026-06-27 13:49:06] [API] request error agent=Review Manager Agent attempt=5/8 elapsed=0.6s error=Error code: 429 - {'error': {'code': '429', 'message': 'Too many requests', 'type': 'limitation'}}
[2026-06-27 13:49:06] [API] retry wait agent=Review Manager Agent next_attempt=6/8 wait=30.0s
[2026-06-27 13:49:08] [API] request start agent=Review Manager Agent attempt=2/8 prompt_chars=9285
[2026-06-27 13:49:08] [API] request error agent=Review Manager Agent attempt=2/8 elapsed=0.3s error=Error code: 429 - {'error': {'code': '429', 'message': 'Too many requests', 'type': 'limitation'}}
[2026-06-27 13:49:08] [API] retry wait agent=Review Manager Agent next_attempt=3/8 wait=4.0s
[2026-06-27 13:49:12] [API] request start agent=Review Manager Agent attempt=3/8 prompt_chars=9285
[2026-06-27 13:49:12] [API] request error agent=Review Manager Agent attempt=3/8 elapsed=0.3s error=Error code: 429 - {'error': {'code': '429', 'message': 'Too many requests', 'type': 'limitation'}}
[2026-06-27 13:49:12] [API] retry wait agent=Review Manager Agent next_attempt=4/8 wait=8.0s
[2026-06-27 13:49:20] [API] request start agent=Review Manager Agent attempt=4/8 prompt_chars=9285
[2026-06-27 13:49:21] [API] request error agent=Review Manager Agent attempt=4/8 elapsed=0.6s error=Error code: 429 - {'error': {'code': '429', 'message': 'Too many requests', 'type': 'limitation'}}
[2026-06-27 13:49:21] [API] retry wait agent=Review Manager Agent next_attempt=5/8 wait=16.0s
[2026-06-27 13:49:36] [API] request start agent=Review Manager Agent attempt=6/8 prompt_chars=9285
[2026-06-27 13:49:37] [API] request start agent=Review Manager Agent attempt=5/8 prompt_chars=9285
[2026-06-27 13:49:38] [API] request error agent=Review Manager Agent attempt=5/8 elapsed=0.7s error=Error code: 429 - {'error': {'code': '429', 'message': 'Too many requests', 'type': 'limitation'}}
[2026-06-27 13:49:38] [API] retry wait agent=Review Manager Agent next_attempt=6/8 wait=30.0s
[2026-06-27 13:49:46] [API] request success agent=Review Manager Agent attempt=6/8 elapsed=9.9s raw_chars=4113
[2026-06-27 13:50:08] [API] request start agent=Review Manager Agent attempt=6/8 prompt_chars=9285
[2026-06-27 13:50:17] [API] request success agent=Review Manager Agent attempt=6/8 elapsed=9.2s raw_chars=3904
[2026-06-27 13:50:17] [API] request start agent=Evidence Agent attempt=1/8 prompt_chars=7826[2026-06-27 13:50:17] [API] request start agent=Evidence Agent attempt=1/8 prompt_chars=7826

[2026-06-27 13:50:18] [API] request error agent=Evidence Agent attempt=1/8 elapsed=0.6s error=Error code: 429 - {'error': {'code': '429', 'message': 'Too many requests', 'type': 'limitation'}}
[2026-06-27 13:50:18] [API] retry wait agent=Evidence Agent next_attempt=2/8 wait=2.0s
[2026-06-27 13:50:20] [API] request start agent=Evidence Agent attempt=2/8 prompt_chars=7826
[2026-06-27 13:50:20] [API] request error agent=Evidence Agent attempt=2/8 elapsed=0.3s error=Error code: 429 - {'error': {'code': '429', 'message': 'Too many requests', 'type': 'limitation'}}
[2026-06-27 13:50:20] [API] retry wait agent=Evidence Agent next_attempt=3/8 wait=4.0s
[2026-06-27 13:50:23] [API] request success agent=Evidence Agent attempt=1/8 elapsed=6.2s raw_chars=2534
[2026-06-27 13:50:23] [API] request start agent=Evidence Agent attempt=1/8 prompt_chars=7826
[2026-06-27 13:50:24] [API] request error agent=Evidence Agent attempt=1/8 elapsed=0.3s error=Error code: 429 - {'error': {'code': '429', 'message': 'Too many requests', 'type': 'limitation'}}
[2026-06-27 13:50:24] [API] retry wait agent=Evidence Agent next_attempt=2/8 wait=2.0s
[2026-06-27 13:50:24] [API] request start agent=Evidence Agent attempt=3/8 prompt_chars=7826
[2026-06-27 13:50:24] [API] request error agent=Evidence Agent attempt=3/8 elapsed=0.3s error=Error code: 429 - {'error': {'code': '429', 'message': 'Too many requests', 'type': 'limitation'}}
[2026-06-27 13:50:24] [API] retry wait agent=Evidence Agent next_attempt=4/8 wait=8.0s
[2026-06-27 13:50:26] [API] request start agent=Evidence Agent attempt=2/8 prompt_chars=7826
[2026-06-27 13:50:26] [API] request error agent=Evidence Agent attempt=2/8 elapsed=0.3s error=Error code: 429 - {'error': {'code': '429', 'message': 'Too many requests', 'type': 'limitation'}}
[2026-06-27 13:50:26] [API] retry wait agent=Evidence Agent next_attempt=3/8 wait=4.0s
[2026-06-27 13:50:30] [API] request start agent=Evidence Agent attempt=3/8 prompt_chars=7826
[2026-06-27 13:50:30] [API] request error agent=Evidence Agent attempt=3/8 elapsed=0.3s error=Error code: 429 - {'error': {'code': '429', 'message': 'Too many requests', 'type': 'limitation'}}
[2026-06-27 13:50:30] [API] retry wait agent=Evidence Agent next_attempt=4/8 wait=8.0s
[2026-06-27 13:50:32] [API] request start agent=Evidence Agent attempt=4/8 prompt_chars=7826
[2026-06-27 13:50:38] [API] request success agent=Evidence Agent attempt=4/8 elapsed=5.8s raw_chars=2473
[2026-06-27 13:50:38] [API] request start agent=Evidence Agent attempt=1/8 prompt_chars=7826
[2026-06-27 13:50:38] [API] request start agent=Evidence Agent attempt=4/8 prompt_chars=7826
[2026-06-27 13:50:38] [API] request error agent=Evidence Agent attempt=1/8 elapsed=0.3s error=Error code: 429 - {'error': {'code': '429', 'message': 'Too many requests', 'type': 'limitation'}}
[2026-06-27 13:50:38] [API] retry wait agent=Evidence Agent next_attempt=2/8 wait=2.0s
[2026-06-27 13:50:39] [API] request error agent=Evidence Agent attempt=4/8 elapsed=0.6s error=Error code: 429 - {'error': {'code': '429', 'message': 'Too many requests', 'type': 'limitation'}}
[2026-06-27 13:50:39] [API] retry wait agent=Evidence Agent next_attempt=5/8 wait=16.0s
[2026-06-27 13:50:40] [API] request start agent=Evidence Agent attempt=2/8 prompt_chars=7826
[2026-06-27 13:50:41] [API] request error agent=Evidence Agent attempt=2/8 elapsed=0.3s error=Error code: 429 - {'error': {'code': '429', 'message': 'Too many requests', 'type': 'limitation'}}
[2026-06-27 13:50:41] [API] retry wait agent=Evidence Agent next_attempt=3/8 wait=4.0s
[2026-06-27 13:50:45] [API] request start agent=Evidence Agent attempt=3/8 prompt_chars=7826
[2026-06-27 13:50:49] [API] request success agent=Evidence Agent attempt=3/8 elapsed=4.2s raw_chars=1235
[2026-06-27 13:50:55] [API] request start agent=Evidence Agent attempt=5/8 prompt_chars=7826
[2026-06-27 13:50:55] [API] request error agent=Evidence Agent attempt=5/8 elapsed=0.6s error=Error code: 429 - {'error': {'code': '429', 'message': 'Too many requests', 'type': 'limitation'}}
[2026-06-27 13:50:55] [API] retry wait agent=Evidence Agent next_attempt=6/8 wait=30.0s
[2026-06-27 13:51:25] [API] request start agent=Evidence Agent attempt=6/8 prompt_chars=7826
[2026-06-27 13:51:26] [API] request error agent=Evidence Agent attempt=6/8 elapsed=0.6s error=Error code: 429 - {'error': {'code': '429', 'message': 'Too many requests', 'type': 'limitation'}}
[2026-06-27 13:51:26] [API] retry wait agent=Evidence Agent next_attempt=7/8 wait=30.0s
[2026-06-27 13:51:56] [API] request start agent=Evidence Agent attempt=7/8 prompt_chars=7826
[2026-06-27 13:52:04] [API] request success agent=Evidence Agent attempt=7/8 elapsed=7.8s raw_chars=2697
[2026-06-27 13:52:04] [API] request start agent=Review Manager Agent attempt=1/8 prompt_chars=9285[2026-06-27 13:52:04] [API] request start agent=Review Manager Agent attempt=1/8 prompt_chars=9285

[2026-06-27 13:52:05] [API] request error agent=Review Manager Agent attempt=1/8 elapsed=0.6s error=Error code: 429 - {'error': {'code': '429', 'message': 'Too many requests', 'type': 'limitation'}}
[2026-06-27 13:52:05] [API] retry wait agent=Review Manager Agent next_attempt=2/8 wait=2.0s
[2026-06-27 13:52:07] [API] request start agent=Review Manager Agent attempt=2/8 prompt_chars=9285
[2026-06-27 13:52:07] [API] request error agent=Review Manager Agent attempt=2/8 elapsed=0.3s error=Error code: 429 - {'error': {'code': '429', 'message': 'Too many requests', 'type': 'limitation'}}
[2026-06-27 13:52:07] [API] retry wait agent=Review Manager Agent next_attempt=3/8 wait=4.0s
[2026-06-27 13:52:11] [API] request start agent=Review Manager Agent attempt=3/8 prompt_chars=9285
[2026-06-27 13:52:11] [API] request error agent=Review Manager Agent attempt=3/8 elapsed=0.4s error=Error code: 429 - {'error': {'code': '429', 'message': 'Too many requests', 'type': 'limitation'}}
[2026-06-27 13:52:11] [API] retry wait agent=Review Manager Agent next_attempt=4/8 wait=8.0s
[2026-06-27 13:52:14] [API] request success agent=Review Manager Agent attempt=1/8 elapsed=9.6s raw_chars=3773
[2026-06-27 13:52:14] [API] request start agent=Review Manager Agent attempt=1/8 prompt_chars=9284
[2026-06-27 13:52:19] [API] request start agent=Review Manager Agent attempt=4/8 prompt_chars=9285
[2026-06-27 13:52:22] [API] request success agent=Review Manager Agent attempt=1/8 elapsed=8.7s raw_chars=3572
[2026-06-27 13:52:22] [API] request start agent=Review Manager Agent attempt=1/8 prompt_chars=9285
[2026-06-27 13:52:31] [API] request success agent=Review Manager Agent attempt=4/8 elapsed=11.8s raw_chars=4722
[2026-06-27 13:52:33] [API] request success agent=Review Manager Agent attempt=1/8 elapsed=10.2s raw_chars=3765
[2026-06-27 13:52:33] [API] request start agent=Critique Agent attempt=1/8 prompt_chars=13096[2026-06-27 13:52:33] [API] request start agent=Critique Agent attempt=1/8 prompt_chars=13098

[2026-06-27 13:52:33] [API] request error agent=Critique Agent attempt=1/8 elapsed=0.3s error=Error code: 429 - {'error': {'code': '429', 'message': 'Too many requests', 'type': 'limitation'}}[2026-06-27 13:52:33] [API] request error agent=Critique Agent attempt=1/8 elapsed=0.3s error=Error code: 429 - {'error': {'code': '429', 'message': 'Too many requests', 'type': 'limitation'}}

[2026-06-27 13:52:33] [API] retry wait agent=Critique Agent next_attempt=2/8 wait=2.0s[2026-06-27 13:52:33] [API] retry wait agent=Critique Agent next_attempt=2/8 wait=2.0s

[2026-06-27 13:52:35] [API] request start agent=Critique Agent attempt=2/8 prompt_chars=13098
[2026-06-27 13:52:35] [API] request start agent=Critique Agent attempt=2/8 prompt_chars=13096
[2026-06-27 13:52:36] [API] request error agent=Critique Agent attempt=2/8 elapsed=0.3s error=Error code: 429 - {'error': {'code': '429', 'message': 'Too many requests', 'type': 'limitation'}}
[2026-06-27 13:52:36] [API] retry wait agent=Critique Agent next_attempt=3/8 wait=4.0s
[2026-06-27 13:52:36] [API] request error agent=Critique Agent attempt=2/8 elapsed=0.3s error=Error code: 429 - {'error': {'code': '429', 'message': 'Too many requests', 'type': 'limitation'}}
[2026-06-27 13:52:36] [API] retry wait agent=Critique Agent next_attempt=3/8 wait=4.0s
[2026-06-27 13:52:40] [API] request start agent=Critique Agent attempt=3/8 prompt_chars=13096
[2026-06-27 13:52:40] [API] request start agent=Critique Agent attempt=3/8 prompt_chars=13098
[2026-06-27 13:52:56] [API] request success agent=Critique Agent attempt=3/8 elapsed=16.1s raw_chars=6757
[2026-06-27 13:52:56] [API] request start agent=Critique Agent attempt=1/8 prompt_chars=13098
[2026-06-27 13:52:56] [API] request success agent=Critique Agent attempt=3/8 elapsed=16.8s raw_chars=6796
[2026-06-27 13:53:11] [API] request success agent=Critique Agent attempt=1/8 elapsed=15.7s raw_chars=6363
[2026-06-27 13:53:11] [API] request start agent=Evidence Agent attempt=1/8 prompt_chars=7826
[2026-06-27 13:53:17] [API] request success agent=Evidence Agent attempt=1/8 elapsed=5.5s raw_chars=2307
[2026-06-27 13:53:17] [API] request start agent=Review Manager Agent attempt=1/8 prompt_chars=9285
[2026-06-27 13:53:17] [API] request start agent=Review Manager Agent attempt=1/8 prompt_chars=9285
[2026-06-27 13:53:18] [API] request error agent=Review Manager Agent attempt=1/8 elapsed=0.3s error=Error code: 429 - {'error': {'code': '429', 'message': 'Too many requests', 'type': 'limitation'}}
[2026-06-27 13:53:18] [API] retry wait agent=Review Manager Agent next_attempt=2/8 wait=2.0s
[2026-06-27 13:53:18] [API] request error agent=Review Manager Agent attempt=1/8 elapsed=0.6s error=Error code: 429 - {'error': {'code': '429', 'message': 'Too many requests', 'type': 'limitation'}}
[2026-06-27 13:53:18] [API] retry wait agent=Review Manager Agent next_attempt=2/8 wait=2.0s
[2026-06-27 13:53:20] [API] request start agent=Review Manager Agent attempt=2/8 prompt_chars=9285
[2026-06-27 13:53:20] [API] request start agent=Review Manager Agent attempt=2/8 prompt_chars=9285
[2026-06-27 13:53:28] [API] request success agent=Review Manager Agent attempt=2/8 elapsed=8.6s raw_chars=3883
[2026-06-27 13:53:28] [API] request start agent=Review Manager Agent attempt=1/8 prompt_chars=9285
[2026-06-27 13:53:30] [API] request success agent=Review Manager Agent attempt=2/8 elapsed=9.7s raw_chars=3687
[2026-06-27 13:53:30] [API] request start agent=Review Manager Agent attempt=1/8 prompt_chars=9285
[2026-06-27 13:53:35] [API] request success agent=Review Manager Agent attempt=1/8 elapsed=6.8s raw_chars=3231
[2026-06-27 13:53:37] [API] request success agent=Review Manager Agent attempt=1/8 elapsed=7.2s raw_chars=3167
[2026-06-27 13:53:37] [API] request start agent=Evidence Agent attempt=1/8 prompt_chars=8592[2026-06-27 13:53:37] [API] request start agent=Evidence Agent attempt=1/8 prompt_chars=8593

[2026-06-27 13:53:38] [API] request error agent=Evidence Agent attempt=1/8 elapsed=0.3s error=Error code: 429 - {'error': {'code': '429', 'message': 'Too many requests', 'type': 'limitation'}}
[2026-06-27 13:53:38] [API] retry wait agent=Evidence Agent next_attempt=2/8 wait=2.0s
[2026-06-27 13:53:38] [API] request error agent=Evidence Agent attempt=1/8 elapsed=0.3s error=Error code: 429 - {'error': {'code': '429', 'message': 'Too many requests', 'type': 'limitation'}}
[2026-06-27 13:53:38] [API] retry wait agent=Evidence Agent next_attempt=2/8 wait=2.0s
[2026-06-27 13:53:40] [API] request start agent=Evidence Agent attempt=2/8 prompt_chars=8593
[2026-06-27 13:53:40] [API] request start agent=Evidence Agent attempt=2/8 prompt_chars=8592
[2026-06-27 13:53:44] [API] request success agent=Evidence Agent attempt=2/8 elapsed=4.6s raw_chars=1647
[2026-06-27 13:53:44] [API] request start agent=Evidence Agent attempt=1/8 prompt_chars=8593
[2026-06-27 13:53:44] [API] request error agent=Evidence Agent attempt=1/8 elapsed=0.3s error=Error code: 429 - {'error': {'code': '429', 'message': 'Too many requests', 'type': 'limitation'}}
[2026-06-27 13:53:44] [API] retry wait agent=Evidence Agent next_attempt=2/8 wait=2.0s
[2026-06-27 13:53:44] [API] request success agent=Evidence Agent attempt=2/8 elapsed=4.9s raw_chars=1597
[2026-06-27 13:53:46] [API] request start agent=Evidence Agent attempt=2/8 prompt_chars=8593
[2026-06-27 13:53:47] [API] request error agent=Evidence Agent attempt=2/8 elapsed=0.3s error=Error code: 429 - {'error': {'code': '429', 'message': 'Too many requests', 'type': 'limitation'}}
[2026-06-27 13:53:47] [API] retry wait agent=Evidence Agent next_attempt=3/8 wait=4.0s
[2026-06-27 13:53:51] [API] request start agent=Evidence Agent attempt=3/8 prompt_chars=8593
[2026-06-27 13:53:51] [API] request error agent=Evidence Agent attempt=3/8 elapsed=0.3s error=Error code: 429 - {'error': {'code': '429', 'message': 'Too many requests', 'type': 'limitation'}}
[2026-06-27 13:53:51] [API] retry wait agent=Evidence Agent next_attempt=4/8 wait=8.0s
[2026-06-27 13:53:59] [API] request start agent=Evidence Agent attempt=4/8 prompt_chars=8593
[2026-06-27 13:54:02] [API] request success agent=Evidence Agent attempt=4/8 elapsed=3.4s raw_chars=1055
[2026-06-27 13:54:02] [API] request start agent=Critique Agent attempt=1/8 prompt_chars=11673
[2026-06-27 13:54:03] [API] request error agent=Critique Agent attempt=1/8 elapsed=0.3s error=Error code: 429 - {'error': {'code': '429', 'message': 'Too many requests', 'type': 'limitation'}}
[2026-06-27 13:54:03] [API] retry wait agent=Critique Agent next_attempt=2/8 wait=2.0s
[2026-06-27 13:54:05] [API] request start agent=Critique Agent attempt=2/8 prompt_chars=11673
[2026-06-27 13:54:05] [API] request error agent=Critique Agent attempt=2/8 elapsed=0.3s error=Error code: 429 - {'error': {'code': '429', 'message': 'Too many requests', 'type': 'limitation'}}
[2026-06-27 13:54:05] [API] retry wait agent=Critique Agent next_attempt=3/8 wait=4.0s
[2026-06-27 13:54:09] [API] request start agent=Critique Agent attempt=3/8 prompt_chars=11673
[2026-06-27 13:54:09] [API] request error agent=Critique Agent attempt=3/8 elapsed=0.3s error=Error code: 429 - {'error': {'code': '429', 'message': 'Too many requests', 'type': 'limitation'}}
[2026-06-27 13:54:09] [API] retry wait agent=Critique Agent next_attempt=4/8 wait=8.0s
[2026-06-27 13:54:17] [API] request start agent=Critique Agent attempt=4/8 prompt_chars=11673
[2026-06-27 13:54:19] [API] request success agent=Critique Agent attempt=4/8 elapsed=2.0s raw_chars=374
[2026-06-27 13:54:20] [API] request start agent=Review Manager Agent attempt=1/8 prompt_chars=9285
[2026-06-27 13:54:20] [API] request start agent=Review Manager Agent attempt=1/8 prompt_chars=9285
[2026-06-27 13:54:20] [API] request error agent=Review Manager Agent attempt=1/8 elapsed=0.2s error=Error code: 429 - {'error': {'code': '429', 'message': 'Too many requests', 'type': 'limitation'}}
[2026-06-27 13:54:20] [API] retry wait agent=Review Manager Agent next_attempt=2/8 wait=2.0s
[2026-06-27 13:54:22] [API] request start agent=Review Manager Agent attempt=2/8 prompt_chars=9285
[2026-06-27 13:54:22] [API] request error agent=Review Manager Agent attempt=2/8 elapsed=0.2s error=Error code: 429 - {'error': {'code': '429', 'message': 'Too many requests', 'type': 'limitation'}}
[2026-06-27 13:54:22] [API] retry wait agent=Review Manager Agent next_attempt=3/8 wait=4.0s
[2026-06-27 13:54:26] [API] request start agent=Review Manager Agent attempt=3/8 prompt_chars=9285
[2026-06-27 13:54:26] [API] request error agent=Review Manager Agent attempt=3/8 elapsed=0.3s error=Error code: 429 - {'error': {'code': '429', 'message': 'Too many requests', 'type': 'limitation'}}
[2026-06-27 13:54:26] [API] retry wait agent=Review Manager Agent next_attempt=4/8 wait=8.0s
[2026-06-27 13:54:28] [API] request success agent=Review Manager Agent attempt=1/8 elapsed=8.9s raw_chars=3890
[2026-06-27 13:54:28] [API] request start agent=Review Manager Agent attempt=1/8 prompt_chars=9285
[2026-06-27 13:54:34] [API] request start agent=Review Manager Agent attempt=4/8 prompt_chars=9285
[2026-06-27 13:54:35] [API] request error agent=Review Manager Agent attempt=4/8 elapsed=0.6s error=Error code: 429 - {'error': {'code': '429', 'message': 'Too many requests', 'type': 'limitation'}}
[2026-06-27 13:54:35] [API] retry wait agent=Review Manager Agent next_attempt=5/8 wait=16.0s
[2026-06-27 13:54:37] [API] request success agent=Review Manager Agent attempt=1/8 elapsed=8.8s raw_chars=3499
[2026-06-27 13:54:37] [API] request start agent=Review Manager Agent attempt=1/8 prompt_chars=9285
[2026-06-27 13:54:43] [API] request success agent=Review Manager Agent attempt=1/8 elapsed=6.1s raw_chars=2139
[2026-06-27 13:54:51] [API] request start agent=Review Manager Agent attempt=5/8 prompt_chars=9285
[2026-06-27 13:54:51] [API] request error agent=Review Manager Agent attempt=5/8 elapsed=0.5s error=Error code: 429 - {'error': {'code': '429', 'message': 'Too many requests', 'type': 'limitation'}}
[2026-06-27 13:54:51] [API] retry wait agent=Review Manager Agent next_attempt=6/8 wait=30.0s
[2026-06-27 13:55:21] [API] request start agent=Review Manager Agent attempt=6/8 prompt_chars=9285
[2026-06-27 13:55:31] [API] request success agent=Review Manager Agent attempt=6/8 elapsed=9.6s raw_chars=3769
[2026-06-27 13:55:32] [API] request start agent=Evidence Agent attempt=1/8 prompt_chars=7826
[2026-06-27 13:55:32] [API] request start agent=Evidence Agent attempt=1/8 prompt_chars=7826
[2026-06-27 13:55:38] [API] request success agent=Evidence Agent attempt=1/8 elapsed=5.9s raw_chars=2398
[2026-06-27 13:55:38] [API] request start agent=Evidence Agent attempt=1/8 prompt_chars=7819
[2026-06-27 13:55:38] [API] request success agent=Evidence Agent attempt=1/8 elapsed=6.0s raw_chars=1279
[2026-06-27 13:55:42] [API] request success agent=Evidence Agent attempt=1/8 elapsed=4.2s raw_chars=1282
[2026-06-27 13:55:42] [API] request start agent=Critique Agent attempt=1/8 prompt_chars=13098
[2026-06-27 13:55:58] [API] request success agent=Critique Agent attempt=1/8 elapsed=15.4s raw_chars=7091
[2026-06-27 13:55:58] [API] request start agent=Review Manager Agent attempt=1/8 prompt_chars=9285[2026-06-27 13:55:58] [API] request start agent=Review Manager Agent attempt=1/8 prompt_chars=9285

[2026-06-27 13:55:59] [API] request error agent=Review Manager Agent attempt=1/8 elapsed=0.6s error=Error code: 429 - {'error': {'code': '429', 'message': 'Too many requests', 'type': 'limitation'}}
[2026-06-27 13:55:59] [API] retry wait agent=Review Manager Agent next_attempt=2/8 wait=2.0s
[2026-06-27 13:56:01] [API] request start agent=Review Manager Agent attempt=2/8 prompt_chars=9285
[2026-06-27 13:56:01] [API] request error agent=Review Manager Agent attempt=2/8 elapsed=0.3s error=Error code: 429 - {'error': {'code': '429', 'message': 'Too many requests', 'type': 'limitation'}}
[2026-06-27 13:56:01] [API] retry wait agent=Review Manager Agent next_attempt=3/8 wait=4.0s
[2026-06-27 13:56:05] [API] request success agent=Review Manager Agent attempt=1/8 elapsed=6.3s raw_chars=2273
[2026-06-27 13:56:05] [API] request start agent=Review Manager Agent attempt=1/8 prompt_chars=9285
[2026-06-27 13:56:05] [API] request error agent=Review Manager Agent attempt=1/8 elapsed=0.2s error=Error code: 429 - {'error': {'code': '429', 'message': 'Too many requests', 'type': 'limitation'}}
[2026-06-27 13:56:05] [API] retry wait agent=Review Manager Agent next_attempt=2/8 wait=2.0s
[2026-06-27 13:56:05] [API] request start agent=Review Manager Agent attempt=3/8 prompt_chars=9285
[2026-06-27 13:56:07] [API] request start agent=Review Manager Agent attempt=2/8 prompt_chars=9285
[2026-06-27 13:56:07] [API] request error agent=Review Manager Agent attempt=2/8 elapsed=0.6s error=Error code: 429 - {'error': {'code': '429', 'message': 'Too many requests', 'type': 'limitation'}}
[2026-06-27 13:56:07] [API] retry wait agent=Review Manager Agent next_attempt=3/8 wait=4.0s
[2026-06-27 13:56:11] [API] request start agent=Review Manager Agent attempt=3/8 prompt_chars=9285
[2026-06-27 13:56:12] [API] request error agent=Review Manager Agent attempt=3/8 elapsed=0.3s error=Error code: 429 - {'error': {'code': '429', 'message': 'Too many requests', 'type': 'limitation'}}
[2026-06-27 13:56:12] [API] retry wait agent=Review Manager Agent next_attempt=4/8 wait=8.0s
[2026-06-27 13:56:13] [API] request success agent=Review Manager Agent attempt=3/8 elapsed=7.5s raw_chars=3505
[2026-06-27 13:56:13] [API] request start agent=Review Manager Agent attempt=1/8 prompt_chars=9285
[2026-06-27 13:56:20] [API] request start agent=Review Manager Agent attempt=4/8 prompt_chars=9285
[2026-06-27 13:56:20] [API] request error agent=Review Manager Agent attempt=4/8 elapsed=0.6s error=Error code: 429 - {'error': {'code': '429', 'message': 'Too many requests', 'type': 'limitation'}}
[2026-06-27 13:56:20] [API] retry wait agent=Review Manager Agent next_attempt=5/8 wait=16.0s
[2026-06-27 13:56:23] [API] request success agent=Review Manager Agent attempt=1/8 elapsed=9.9s raw_chars=4227
[2026-06-27 13:56:36] [API] request start agent=Review Manager Agent attempt=5/8 prompt_chars=9285
[2026-06-27 13:56:44] [API] request success agent=Review Manager Agent attempt=5/8 elapsed=7.4s raw_chars=3012
[2026-06-27 13:56:45] [API] request start agent=Critique Agent attempt=1/8 prompt_chars=8030
[2026-06-27 13:56:45] [API] request start agent=Critique Agent attempt=1/8 prompt_chars=8030
[2026-06-27 13:56:47] [API] request success agent=Critique Agent attempt=1/8 elapsed=2.2s raw_chars=365
[2026-06-27 13:56:47] [API] request start agent=Critique Agent attempt=1/8 prompt_chars=11672
[2026-06-27 13:56:47] [API] request success agent=Critique Agent attempt=1/8 elapsed=2.6s raw_chars=543
[2026-06-27 13:56:49] [API] request success agent=Critique Agent attempt=1/8 elapsed=2.0s raw_chars=397
[2026-06-27 13:56:49] [API] request start agent=Evidence Agent attempt=1/8 prompt_chars=8593
[2026-06-27 13:56:54] [API] request success agent=Evidence Agent attempt=1/8 elapsed=4.5s raw_chars=1483
[2026-06-27 13:56:54] [API] request start agent=Evidence Agent attempt=1/8 prompt_chars=8754[2026-06-27 13:56:54] [API] request start agent=Evidence Agent attempt=1/8 prompt_chars=8753

[2026-06-27 13:56:54] [API] request error agent=Evidence Agent attempt=1/8 elapsed=0.3s error=Error code: 429 - {'error': {'code': '429', 'message': 'Too many requests', 'type': 'limitation'}}
[2026-06-27 13:56:54] [API] retry wait agent=Evidence Agent next_attempt=2/8 wait=2.0s
[2026-06-27 13:56:55] [API] request error agent=Evidence Agent attempt=1/8 elapsed=0.6s error=Error code: 429 - {'error': {'code': '429', 'message': 'Too many requests', 'type': 'limitation'}}
[2026-06-27 13:56:55] [API] retry wait agent=Evidence Agent next_attempt=2/8 wait=2.0s
[2026-06-27 13:56:56] [API] request start agent=Evidence Agent attempt=2/8 prompt_chars=8753
[2026-06-27 13:56:57] [API] request start agent=Evidence Agent attempt=2/8 prompt_chars=8754
[2026-06-27 13:56:57] [API] request error agent=Evidence Agent attempt=2/8 elapsed=0.3s error=Error code: 429 - {'error': {'code': '429', 'message': 'Too many requests', 'type': 'limitation'}}
[2026-06-27 13:56:57] [API] retry wait agent=Evidence Agent next_attempt=3/8 wait=4.0s
[2026-06-27 13:56:57] [API] request error agent=Evidence Agent attempt=2/8 elapsed=0.2s error=Error code: 429 - {'error': {'code': '429', 'message': 'Too many requests', 'type': 'limitation'}}
[2026-06-27 13:56:57] [API] retry wait agent=Evidence Agent next_attempt=3/8 wait=4.0s
[2026-06-27 13:57:01] [API] request start agent=Evidence Agent attempt=3/8 prompt_chars=8753
[2026-06-27 13:57:01] [API] request start agent=Evidence Agent attempt=3/8 prompt_chars=8754
[2026-06-27 13:57:01] [API] request error agent=Evidence Agent attempt=3/8 elapsed=0.3s error=Error code: 429 - {'error': {'code': '429', 'message': 'Too many requests', 'type': 'limitation'}}
[2026-06-27 13:57:01] [API] retry wait agent=Evidence Agent next_attempt=4/8 wait=8.0s
[2026-06-27 13:57:01] [API] request error agent=Evidence Agent attempt=3/8 elapsed=0.2s error=Error code: 429 - {'error': {'code': '429', 'message': 'Too many requests', 'type': 'limitation'}}
[2026-06-27 13:57:01] [API] retry wait agent=Evidence Agent next_attempt=4/8 wait=8.0s
[2026-06-27 13:57:09] [API] request start agent=Evidence Agent attempt=4/8 prompt_chars=8753
[2026-06-27 13:57:09] [API] request start agent=Evidence Agent attempt=4/8 prompt_chars=8754
[2026-06-27 13:57:10] [API] request error agent=Evidence Agent attempt=4/8 elapsed=0.7s error=Error code: 429 - {'error': {'code': '429', 'message': 'Too many requests', 'type': 'limitation'}}
[2026-06-27 13:57:10] [API] retry wait agent=Evidence Agent next_attempt=5/8 wait=16.0s
[2026-06-27 13:57:12] [API] request success agent=Evidence Agent attempt=4/8 elapsed=2.6s raw_chars=519
[2026-06-27 13:57:26] [API] request start agent=Evidence Agent attempt=5/8 prompt_chars=8754
[2026-06-27 13:57:27] [API] request error agent=Evidence Agent attempt=5/8 elapsed=0.6s error=Error code: 429 - {'error': {'code': '429', 'message': 'Too many requests', 'type': 'limitation'}}
[2026-06-27 13:57:27] [API] retry wait agent=Evidence Agent next_attempt=6/8 wait=30.0s
[2026-06-27 13:57:57] [API] request start agent=Evidence Agent attempt=6/8 prompt_chars=8754
[2026-06-27 13:57:59] [API] request success agent=Evidence Agent attempt=6/8 elapsed=2.3s raw_chars=408
[2026-06-27 13:58:00] [API] request start agent=Review Manager Agent attempt=1/8 prompt_chars=9285
[2026-06-27 13:58:00] [API] request start agent=Review Manager Agent attempt=1/8 prompt_chars=9285
[2026-06-27 13:58:11] [API] request success agent=Review Manager Agent attempt=1/8 elapsed=10.3s raw_chars=4325
[2026-06-27 13:58:11] [API] request start agent=Review Manager Agent attempt=1/8 prompt_chars=9284
[2026-06-27 13:58:11] [API] request error agent=Review Manager Agent attempt=1/8 elapsed=0.3s error=Error code: 429 - {'error': {'code': '429', 'message': 'Too many requests', 'type': 'limitation'}}
[2026-06-27 13:58:11] [API] retry wait agent=Review Manager Agent next_attempt=2/8 wait=2.0s
[2026-06-27 13:58:13] [API] request start agent=Review Manager Agent attempt=2/8 prompt_chars=9284
[2026-06-27 13:58:20] [API] request error agent=Review Manager Agent attempt=1/8 elapsed=19.9s error=Connection error.
[2026-06-27 13:58:20] [API] retry wait agent=Review Manager Agent next_attempt=2/8 wait=2.0s
[2026-06-27 13:58:20] [API] request success agent=Review Manager Agent attempt=2/8 elapsed=7.3s raw_chars=3263
[2026-06-27 13:58:20] [API] request start agent=Review Manager Agent attempt=1/8 prompt_chars=9285
[2026-06-27 13:58:20] [API] request error agent=Review Manager Agent attempt=1/8 elapsed=0.3s error=Error code: 429 - {'error': {'code': '429', 'message': 'Too many requests', 'type': 'limitation'}}
[2026-06-27 13:58:20] [API] retry wait agent=Review Manager Agent next_attempt=2/8 wait=2.0s
[2026-06-27 13:58:22] [API] request start agent=Review Manager Agent attempt=2/8 prompt_chars=9285
[2026-06-27 13:58:22] [API] request error agent=Review Manager Agent attempt=2/8 elapsed=0.3s error=Error code: 429 - {'error': {'code': '429', 'message': 'Too many requests', 'type': 'limitation'}}
[2026-06-27 13:58:22] [API] retry wait agent=Review Manager Agent next_attempt=3/8 wait=4.0s
[2026-06-27 13:58:22] [API] request start agent=Review Manager Agent attempt=2/8 prompt_chars=9285
[2026-06-27 13:58:23] [API] request error agent=Review Manager Agent attempt=2/8 elapsed=0.3s error=Error code: 429 - {'error': {'code': '429', 'message': 'Too many requests', 'type': 'limitation'}}
[2026-06-27 13:58:23] [API] retry wait agent=Review Manager Agent next_attempt=3/8 wait=4.0s
[2026-06-27 13:58:26] [API] request start agent=Review Manager Agent attempt=3/8 prompt_chars=9285
[2026-06-27 13:58:27] [API] request error agent=Review Manager Agent attempt=3/8 elapsed=0.3s error=Error code: 429 - {'error': {'code': '429', 'message': 'Too many requests', 'type': 'limitation'}}
[2026-06-27 13:58:27] [API] retry wait agent=Review Manager Agent next_attempt=4/8 wait=8.0s
[2026-06-27 13:58:27] [API] request start agent=Review Manager Agent attempt=3/8 prompt_chars=9285
[2026-06-27 13:58:27] [API] request error agent=Review Manager Agent attempt=3/8 elapsed=0.3s error=Error code: 429 - {'error': {'code': '429', 'message': 'Too many requests', 'type': 'limitation'}}
[2026-06-27 13:58:27] [API] retry wait agent=Review Manager Agent next_attempt=4/8 wait=8.0s
[2026-06-27 13:58:35] [API] request start agent=Review Manager Agent attempt=4/8 prompt_chars=9285
[2026-06-27 13:58:35] [API] request start agent=Review Manager Agent attempt=4/8 prompt_chars=9285
[2026-06-27 13:58:35] [API] request error agent=Review Manager Agent attempt=4/8 elapsed=0.6s error=Error code: 429 - {'error': {'code': '429', 'message': 'Too many requests', 'type': 'limitation'}}
[2026-06-27 13:58:35] [API] retry wait agent=Review Manager Agent next_attempt=5/8 wait=16.0s
[2026-06-27 13:58:46] [API] request success agent=Review Manager Agent attempt=4/8 elapsed=11.1s raw_chars=4537
[2026-06-27 13:58:51] [API] request start agent=Review Manager Agent attempt=5/8 prompt_chars=9285
[2026-06-27 13:58:52] [API] request error agent=Review Manager Agent attempt=5/8 elapsed=0.6s error=Error code: 429 - {'error': {'code': '429', 'message': 'Too many requests', 'type': 'limitation'}}
[2026-06-27 13:58:52] [API] retry wait agent=Review Manager Agent next_attempt=6/8 wait=30.0s
[2026-06-27 13:59:22] [API] request start agent=Review Manager Agent attempt=6/8 prompt_chars=9285
[2026-06-27 13:59:22] [API] request error agent=Review Manager Agent attempt=6/8 elapsed=0.6s error=Error code: 429 - {'error': {'code': '429', 'message': 'Too many requests', 'type': 'limitation'}}
[2026-06-27 13:59:22] [API] retry wait agent=Review Manager Agent next_attempt=7/8 wait=30.0s
[2026-06-27 13:59:52] [API] request start agent=Review Manager Agent attempt=7/8 prompt_chars=9285
[2026-06-27 13:59:53] [API] request error agent=Review Manager Agent attempt=7/8 elapsed=0.6s error=Error code: 429 - {'error': {'code': '429', 'message': 'Too many requests', 'type': 'limitation'}}
[2026-06-27 13:59:53] [API] retry wait agent=Review Manager Agent next_attempt=8/8 wait=30.0s
[2026-06-27 14:00:23] [API] request start agent=Review Manager Agent attempt=8/8 prompt_chars=9285
[2026-06-27 14:00:34] [API] request success agent=Review Manager Agent attempt=8/8 elapsed=11.5s raw_chars=4497
[2026-06-27 14:00:35] [API] request start agent=Critique Agent attempt=1/8 prompt_chars=11671
[2026-06-27 14:00:35] [API] request start agent=Critique Agent attempt=1/8 prompt_chars=11673
[2026-06-27 14:00:36] [API] request error agent=Critique Agent attempt=1/8 elapsed=0.3s error=Error code: 429 - {'error': {'code': '429', 'message': 'Too many requests', 'type': 'limitation'}}
[2026-06-27 14:00:36] [API] retry wait agent=Critique Agent next_attempt=2/8 wait=2.0s
[2026-06-27 14:00:38] [API] request start agent=Critique Agent attempt=2/8 prompt_chars=11671
[2026-06-27 14:00:38] [API] request error agent=Critique Agent attempt=2/8 elapsed=0.3s error=Error code: 429 - {'error': {'code': '429', 'message': 'Too many requests', 'type': 'limitation'}}
[2026-06-27 14:00:38] [API] retry wait agent=Critique Agent next_attempt=3/8 wait=4.0s
[2026-06-27 14:00:40] [API] request success agent=Critique Agent attempt=1/8 elapsed=4.3s raw_chars=916
[2026-06-27 14:00:42] [API] request start agent=Critique Agent attempt=3/8 prompt_chars=11671
[2026-06-27 14:00:42] [API] request error agent=Critique Agent attempt=3/8 elapsed=0.3s error=Error code: 429 - {'error': {'code': '429', 'message': 'Too many requests', 'type': 'limitation'}}
[2026-06-27 14:00:42] [API] retry wait agent=Critique Agent next_attempt=4/8 wait=8.0s
[2026-06-27 14:00:50] [API] request start agent=Critique Agent attempt=4/8 prompt_chars=11671
[2026-06-27 14:00:51] [API] request error agent=Critique Agent attempt=4/8 elapsed=0.6s error=Error code: 429 - {'error': {'code': '429', 'message': 'Too many requests', 'type': 'limitation'}}
[2026-06-27 14:00:51] [API] retry wait agent=Critique Agent next_attempt=5/8 wait=16.0s
[2026-06-27 14:01:07] [API] request start agent=Critique Agent attempt=5/8 prompt_chars=11671
[2026-06-27 14:01:09] [API] request success agent=Critique Agent attempt=5/8 elapsed=2.6s raw_chars=495
[2026-06-27 14:01:09] [API] request start agent=Evidence Agent attempt=1/8 prompt_chars=7826[2026-06-27 14:01:09] [API] request start agent=Evidence Agent attempt=1/8 prompt_chars=7825

[2026-06-27 14:01:10] [API] request error agent=Evidence Agent attempt=1/8 elapsed=0.6s error=Error code: 429 - {'error': {'code': '429', 'message': 'Too many requests', 'type': 'limitation'}}
[2026-06-27 14:01:10] [API] retry wait agent=Evidence Agent next_attempt=2/8 wait=2.0s
[2026-06-27 14:01:12] [API] request start agent=Evidence Agent attempt=2/8 prompt_chars=7825
[2026-06-27 14:01:12] [API] request error agent=Evidence Agent attempt=2/8 elapsed=0.3s error=Error code: 429 - {'error': {'code': '429', 'message': 'Too many requests', 'type': 'limitation'}}
[2026-06-27 14:01:12] [API] retry wait agent=Evidence Agent next_attempt=3/8 wait=4.0s
[2026-06-27 14:01:15] [API] request success agent=Evidence Agent attempt=1/8 elapsed=5.5s raw_chars=2046
[2026-06-27 14:01:16] [API] request start agent=Evidence Agent attempt=3/8 prompt_chars=7825
[2026-06-27 14:01:17] [API] request error agent=Evidence Agent attempt=3/8 elapsed=0.3s error=Error code: 429 - {'error': {'code': '429', 'message': 'Too many requests', 'type': 'limitation'}}
[2026-06-27 14:01:17] [API] retry wait agent=Evidence Agent next_attempt=4/8 wait=8.0s
[2026-06-27 14:01:25] [API] request start agent=Evidence Agent attempt=4/8 prompt_chars=7825
[2026-06-27 14:01:33] [API] request success agent=Evidence Agent attempt=4/8 elapsed=8.9s raw_chars=2554
[review_reward][unknown][9zEBK3E9bX] reward=0.7475 breakdown={'decision': 0.0, 'section_presence': 1.0, 'length_score': 1.0, 'summary_align': 0.6004, 'strength_align': 0.4214, 'weakness_align': 0.3398, 'suggestion_align': 0.5239, 'global_align': 0.3667, 'critique': 1.0, 'stance_align': 0.9286, 'rating_align': 0.0, 'decision_line_bonus': 0.0, 'audit_id_leak_penalty': 0.0, 'penalty': 0.0, 'total': 0.7475, 'es_coverage': 1.0, 'es_depth': 1.0, 'es_empirical': 1.0, 'es_independent': 0.75, 'es_flaw_density': 0.0, 'es_support_volume': 0.875, 'evidence_support_score': 0.8125}
[review_reward][unknown][XyB4VvF01X] reward=0.5370 breakdown={'decision': 0.0, 'section_presence': 1.0, 'length_score': 1.0, 'summary_align': 0.6465, 'strength_align': 0.3829, 'weakness_align': 0.1552, 'suggestion_align': 0.2312, 'global_align': 0.252, 'critique': 1.0, 'stance_align': 0.7083, 'rating_align': 0.0, 'decision_line_bonus': 0.0, 'audit_id_leak_penalty': 0.0, 'penalty': 0.0, 'total': 0.537, 'es_coverage': 0.75, 'es_depth': 0.5, 'es_empirical': 0.25, 'es_independent': 0.25, 'es_flaw_density': 0.0, 'es_support_volume': 0.5, 'evidence_support_score': 0.4375}
[review_reward][unknown][GE6iywJtsV] reward=0.6050 breakdown={'decision': 0.0, 'section_presence': 1.0, 'length_score': 1.0, 'summary_align': 0.5683, 'strength_align': 0.4666, 'weakness_align': 0.146, 'suggestion_align': 0.1333, 'global_align': 0.2926, 'critique': 1.0, 'stance_align': 0.8399, 'rating_align': 0.0, 'decision_line_bonus': 0.0, 'audit_id_leak_penalty': 0.0, 'penalty': 0.0, 'total': 0.605, 'es_coverage': 1.0, 'es_depth': 0.6667, 'es_empirical': 0.3333, 'es_independent': 0.3333, 'es_flaw_density': 0.0, 'es_support_volume': 0.6667, 'evidence_support_score': 0.5833}
[review_reward][unknown][WpXq5n8yLb] reward=0.5434 breakdown={'decision': 0.0, 'section_presence': 1.0, 'length_score': 1.0, 'summary_align': 0.4762, 'strength_align': 0.3004, 'weakness_align': 0.2535, 'suggestion_align': 0.4553, 'global_align': 0.2465, 'critique': 1.0, 'stance_align': 0.8414, 'rating_align': 0.0, 'decision_line_bonus': 0.0, 'audit_id_leak_penalty': 0.0, 'penalty': 0.0, 'total': 0.5434, 'es_coverage': 0.5, 'es_depth': 0.5, 'es_empirical': 0.5, 'es_independent': 0.25, 'es_flaw_density': 0.0, 'es_support_volume': 0.5, 'evidence_support_score': 0.4}
{"paper_id": "9zEBK3E9bX", "mode": "s4", "reward": 0.7474603101163131, "final_decision": "reject", "model_adapter_mode": "small_model"}
{"paper_id": "XyB4VvF01X", "mode": "s4", "reward": 0.5369819531108366, "final_decision": "reject", "model_adapter_mode": "small_model"}
{"paper_id": "GE6iywJtsV", "mode": "s4", "reward": 0.6049678698778614, "final_decision": "reject", "model_adapter_mode": "small_model"}
{"paper_id": "WpXq5n8yLb", "mode": "s4", "reward": 0.5434109718678051, "final_decision": "reject", "model_adapter_mode": "small_model"}
[2026-06-27 14:01:35] [API] request start agent=Review Manager Agent attempt=1/8 prompt_chars=7991[2026-06-27 14:01:35] [API] request start agent=Review Manager Agent attempt=1/8 prompt_chars=7991

[2026-06-27 14:01:36] [API] request error agent=Review Manager Agent attempt=1/8 elapsed=0.3s error=Error code: 429 - {'error': {'code': '429', 'message': 'Too many requests', 'type': 'limitation'}}
[2026-06-27 14:01:36] [API] retry wait agent=Review Manager Agent next_attempt=2/8 wait=2.0s
[2026-06-27 14:01:36] [API] request error agent=Review Manager Agent attempt=1/8 elapsed=0.6s error=Error code: 429 - {'error': {'code': '429', 'message': 'Too many requests', 'type': 'limitation'}}
[2026-06-27 14:01:36] [API] retry wait agent=Review Manager Agent next_attempt=2/8 wait=2.0s
[2026-06-27 14:01:38] [API] request start agent=Review Manager Agent attempt=2/8 prompt_chars=7991
[2026-06-27 14:01:38] [API] request error agent=Review Manager Agent attempt=2/8 elapsed=0.3s error=Error code: 429 - {'error': {'code': '429', 'message': 'Too many requests', 'type': 'limitation'}}
[2026-06-27 14:01:38] [API] retry wait agent=Review Manager Agent next_attempt=3/8 wait=4.0s
[2026-06-27 14:01:38] [API] request start agent=Review Manager Agent attempt=2/8 prompt_chars=7991
[2026-06-27 14:01:38] [API] request error agent=Review Manager Agent attempt=2/8 elapsed=0.3s error=Error code: 429 - {'error': {'code': '429', 'message': 'Too many requests', 'type': 'limitation'}}
[2026-06-27 14:01:38] [API] retry wait agent=Review Manager Agent next_attempt=3/8 wait=4.0s
[2026-06-27 14:01:42] [API] request start agent=Review Manager Agent attempt=3/8 prompt_chars=7991
[2026-06-27 14:01:42] [API] request error agent=Review Manager Agent attempt=3/8 elapsed=0.3s error=Error code: 429 - {'error': {'code': '429', 'message': 'Too many requests', 'type': 'limitation'}}
[2026-06-27 14:01:42] [API] retry wait agent=Review Manager Agent next_attempt=4/8 wait=8.0s
[2026-06-27 14:01:42] [API] request start agent=Review Manager Agent attempt=3/8 prompt_chars=7991
[2026-06-27 14:01:42] [API] request error agent=Review Manager Agent attempt=3/8 elapsed=0.3s error=Error code: 429 - {'error': {'code': '429', 'message': 'Too many requests', 'type': 'limitation'}}
[2026-06-27 14:01:42] [API] retry wait agent=Review Manager Agent next_attempt=4/8 wait=8.0s
[2026-06-27 14:01:50] [API] request start agent=Review Manager Agent attempt=4/8 prompt_chars=7991
[2026-06-27 14:01:50] [API] request start agent=Review Manager Agent attempt=4/8 prompt_chars=7991
[2026-06-27 14:01:51] [API] request error agent=Review Manager Agent attempt=4/8 elapsed=0.6s error=Error code: 429 - {'error': {'code': '429', 'message': 'Too many requests', 'type': 'limitation'}}
[2026-06-27 14:01:51] [API] retry wait agent=Review Manager Agent next_attempt=5/8 wait=16.0s
[2026-06-27 14:01:51] [API] request error agent=Review Manager Agent attempt=4/8 elapsed=0.6s error=Error code: 429 - {'error': {'code': '429', 'message': 'Too many requests', 'type': 'limitation'}}
[2026-06-27 14:01:51] [API] retry wait agent=Review Manager Agent next_attempt=5/8 wait=16.0s
[2026-06-27 14:02:07] [API] request start agent=Review Manager Agent attempt=5/8 prompt_chars=7991
[2026-06-27 14:02:07] [API] request start agent=Review Manager Agent attempt=5/8 prompt_chars=7991
[2026-06-27 14:02:07] [API] request error agent=Review Manager Agent attempt=5/8 elapsed=0.6s error=Error code: 429 - {'error': {'code': '429', 'message': 'Too many requests', 'type': 'limitation'}}
[2026-06-27 14:02:07] [API] retry wait agent=Review Manager Agent next_attempt=6/8 wait=30.0s
[2026-06-27 14:02:12] [API] request success agent=Review Manager Agent attempt=5/8 elapsed=4.7s raw_chars=1336
[2026-06-27 14:02:12] [API] request start agent=Review Manager Agent attempt=1/8 prompt_chars=7991
[2026-06-27 14:02:20] [API] request success agent=Review Manager Agent attempt=1/8 elapsed=7.9s raw_chars=3222
[2026-06-27 14:02:20] [API] request start agent=Review Manager Agent attempt=1/8 prompt_chars=7991
[2026-06-27 14:02:20] [API] request error agent=Review Manager Agent attempt=1/8 elapsed=0.3s error=Error code: 429 - {'error': {'code': '429', 'message': 'Too many requests', 'type': 'limitation'}}
[2026-06-27 14:02:20] [API] retry wait agent=Review Manager Agent next_attempt=2/8 wait=2.0s
[2026-06-27 14:02:22] [API] request start agent=Review Manager Agent attempt=2/8 prompt_chars=7991
[2026-06-27 14:02:22] [API] request error agent=Review Manager Agent attempt=2/8 elapsed=0.3s error=Error code: 429 - {'error': {'code': '429', 'message': 'Too many requests', 'type': 'limitation'}}
[2026-06-27 14:02:22] [API] retry wait agent=Review Manager Agent next_attempt=3/8 wait=4.0s
[2026-06-27 14:02:26] [API] request start agent=Review Manager Agent attempt=3/8 prompt_chars=7991
[2026-06-27 14:02:26] [API] request error agent=Review Manager Agent attempt=3/8 elapsed=0.3s error=Error code: 429 - {'error': {'code': '429', 'message': 'Too many requests', 'type': 'limitation'}}
[2026-06-27 14:02:26] [API] retry wait agent=Review Manager Agent next_attempt=4/8 wait=8.0s
[2026-06-27 14:02:34] [API] request start agent=Review Manager Agent attempt=4/8 prompt_chars=7991
[2026-06-27 14:02:35] [API] request error agent=Review Manager Agent attempt=4/8 elapsed=0.6s error=Error code: 429 - {'error': {'code': '429', 'message': 'Too many requests', 'type': 'limitation'}}
[2026-06-27 14:02:35] [API] retry wait agent=Review Manager Agent next_attempt=5/8 wait=16.0s
[2026-06-27 14:02:37] [API] request start agent=Review Manager Agent attempt=6/8 prompt_chars=7991
[2026-06-27 14:02:38] [API] request error agent=Review Manager Agent attempt=6/8 elapsed=0.3s error=Error code: 429 - {'error': {'code': '429', 'message': 'Too many requests', 'type': 'limitation'}}
[2026-06-27 14:02:38] [API] retry wait agent=Review Manager Agent next_attempt=7/8 wait=30.0s
[2026-06-27 14:02:51] [API] request start agent=Review Manager Agent attempt=5/8 prompt_chars=7991
[2026-06-27 14:02:52] [API] request error agent=Review Manager Agent attempt=5/8 elapsed=0.6s error=Error code: 429 - {'error': {'code': '429', 'message': 'Too many requests', 'type': 'limitation'}}
[2026-06-27 14:02:52] [API] retry wait agent=Review Manager Agent next_attempt=6/8 wait=30.0s
[2026-06-27 14:03:08] [API] request start agent=Review Manager Agent attempt=7/8 prompt_chars=7991
[2026-06-27 14:03:08] [API] request error agent=Review Manager Agent attempt=7/8 elapsed=0.7s error=Error code: 429 - {'error': {'code': '429', 'message': 'Too many requests', 'type': 'limitation'}}
[2026-06-27 14:03:08] [API] retry wait agent=Review Manager Agent next_attempt=8/8 wait=30.0s
[2026-06-27 14:03:22] [API] request start agent=Review Manager Agent attempt=6/8 prompt_chars=7991
[2026-06-27 14:03:28] [API] request success agent=Review Manager Agent attempt=6/8 elapsed=6.3s raw_chars=2084
[2026-06-27 14:03:38] [API] request start agent=Review Manager Agent attempt=8/8 prompt_chars=7991
[2026-06-27 14:03:39] [API] request error agent=Review Manager Agent attempt=8/8 elapsed=0.6s error=Error code: 429 - {'error': {'code': '429', 'message': 'Too many requests', 'type': 'limitation'}}
Traceback (most recent call last):
  File "/Users/zss/Downloads/zssmas-codex-p26-optimization-20260524/agent_system/inference/review_runner.py", line 7832, in <module>
    raise SystemExit(main())
                     ^^^^^^
  File "/Users/zss/Downloads/zssmas-codex-p26-optimization-20260524/agent_system/inference/review_runner.py", line 7802, in main
    batch_results = run_review_batch(
                    ^^^^^^^^^^^^^^^^^
  File "/Users/zss/Downloads/zssmas-codex-p26-optimization-20260524/agent_system/inference/review_runner.py", line 6787, in run_review_batch
    manager_raws = _generate_many(generate_fn, manager_requests)
                   ^^^^^^^^^^^^^^^^^^^^^^^^^^^^^^^^^^^^^^^^^^^^^
  File "/Users/zss/Downloads/zssmas-codex-p26-optimization-20260524/agent_system/inference/review_runner.py", line 69, in _generate_many
    return list(batch_fn(requests))
                ^^^^^^^^^^^^^^^^^^
  File "/Users/zss/Downloads/zssmas-codex-p26-optimization-20260524/agent_system/inference/review_runner.py", line 7532, in generate_many
    return [f.result() for f in futures]
            ^^^^^^^^^^
  File "/opt/miniconda3/envs/DrMAS/lib/python3.12/concurrent/futures/_base.py", line 456, in result
    return self.__get_result()
           ^^^^^^^^^^^^^^^^^^^
  File "/opt/miniconda3/envs/DrMAS/lib/python3.12/concurrent/futures/_base.py", line 401, in __get_result
    raise self._exception
  File "/opt/miniconda3/envs/DrMAS/lib/python3.12/concurrent/futures/thread.py", line 58, in run
    result = self.fn(*self.args, **self.kwargs)
             ^^^^^^^^^^^^^^^^^^^^^^^^^^^^^^^^^^
  File "/Users/zss/Downloads/zssmas-codex-p26-optimization-20260524/agent_system/inference/review_runner.py", line 7523, in _call_api
    raise RuntimeError(f"API call failed after {self.max_retries} retries for {agent_id}: {last_error}")
RuntimeError: API call failed after 8 retries for Review Manager Agent: Error code: 429 - {'error': {'code': '429', 'message': 'Too many requests', 'type': 'limitation'}}
